"Data","Último","Abertura","Máxima","Mínima","Var%"
"16.09.2025","13,630","13,663","13,675","13,630","-0,34%"
"15.09.2025","13,677","13,733","13,733","13,675","-0,87%"
"12.09.2025","13,797","13,813","13,823","13,797","0,00%"
"11.09.2025","13,797","13,787","13,797","13,775","-0,29%"
"10.09.2025","13,837","13,890","13,890","13,833","-0,27%"
"09.09.2025","13,875","13,927","13,927","13,875","-0,25%"
"08.09.2025","13,910","13,938","13,988","13,910","-0,14%"
"05.09.2025","13,930","13,908","13,938","13,908","-0,92%"
"04.09.2025","14,060","14,128","14,128","14,055","0,00%"
"03.09.2025","14,060","14,060","14,065","14,040","-0,02%"
"02.09.2025","14,063","14,085","14,085","14,063","0,59%"
"01.09.2025","13,980","14,000","14,005","13,980","0,38%"
"29.08.2025","13,927","13,915","13,927","13,895","0,14%"
"28.08.2025","13,908","14,030","14,030","13,882","-1,15%"
"27.08.2025","14,070","14,040","14,080","14,040","0,18%"
"26.08.2025","14,045","14,080","14,085","14,045","0,25%"
"25.08.2025","14,010","14,000","14,038","13,993","-0,43%"
"22.08.2025","14,070","14,118","14,120","14,057","-0,74%"
"21.08.2025","14,175","14,047","14,175","14,047","1,13%"
"20.08.2025","14,017","14,050","14,073","13,998","-0,25%"
"19.08.2025","14,052","14,028","14,052","14,025","1,22%"
"18.08.2025","13,882","13,775","13,882","13,775","0,58%"
"15.08.2025","13,802","13,760","13,813","13,760","-0,08%"
"14.08.2025","13,813","13,807","13,823","13,802","-0,01%"
"13.08.2025","13,815","13,795","13,815","13,788","0,58%"
"12.08.2025","13,735","13,725","13,735","13,703","-0,29%"
"11.08.2025","13,775","13,820","13,823","13,765","-0,45%"
"08.08.2025","13,837","13,800","13,837","13,800","-0,32%"
"07.08.2025","13,882","13,950","13,962","13,882","-0,45%"
"06.08.2025","13,945","13,993","13,993","13,945","-0,29%"
"05.08.2025","13,985","13,943","13,985","13,932","0,36%"
"04.08.2025","13,935","13,955","13,955","13,920","-0,78%"
"01.08.2025","14,045","14,050","14,050","14,015","-0,48%"
"31.07.2025","14,113","14,105","14,125","14,100","0,51%"
"30.07.2025","14,042","14,002","14,042","13,962","0,30%"
"29.07.2025","14,000","14,110","14,110","14,000","-0,93%"
"28.07.2025","14,132","14,125","14,132","14,110","-0,07%"
"25.07.2025","14,142","14,145","14,145","14,113","0,26%"
"24.07.2025","14,105","14,024","14,145","14,024","0,30%"
"23.07.2025","14,063","14,004","14,063","14,002","0,38%"
"22.07.2025","14,010","14,005","14,010","13,993","-0,78%"
"21.07.2025","14,120","14,185","14,185","14,120","-0,21%"
"18.07.2025","14,150","14,102","14,170","14,073","0,68%"
"17.07.2025","14,055","14,198","14,198","14,055","-0,48%"
"16.07.2025","14,123","14,142","14,233","14,123","0,52%"
"15.07.2025","14,050","14,012","14,050","13,907","1,03%"
"14.07.2025","13,907","13,877","13,970","13,855","0,30%"
"11.07.2025","13,865","13,953","13,962","13,855","-0,43%"
"10.07.2025","13,925","13,945","13,945","13,892","1,20%"
"09.07.2025","13,760","13,725","13,762","13,720","0,29%"
"08.07.2025","13,720","13,680","13,740","13,672","0,22%"
"07.07.2025","13,690","13,623","13,700","13,623","0,65%"
"04.07.2025","13,602","13,618","13,620","13,602","0,27%"
"03.07.2025","13,565","13,520","13,578","13,507","0,41%"
"02.07.2025","13,510","13,547","13,547","13,505","0,20%"
"01.07.2025","13,483","13,475","13,756","13,450","-0,79%"
"30.06.2025","13,590","13,797","13,815","13,543","-1,93%"
"27.06.2025","13,858","13,931","13,940","13,825","-0,12%"
"26.06.2025","13,875","13,925","13,940","13,875","-0,47%"
"25.06.2025","13,941","13,865","13,943","13,845","0,68%"
"24.06.2025","13,847","13,850","13,930","13,845","0,05%"
"23.06.2025","13,840","13,885","13,890","13,835","-0,11%"
"20.06.2025","13,855","13,887","13,890","13,855","-0,75%"
"18.06.2025","13,960","13,940","14,000","13,890","-0,20%"
"17.06.2025","13,988","13,922","13,988","13,895","0,42%"
"16.06.2025","13,930","14,095","14,125","13,930","-0,83%"
"13.06.2025","14,047","14,125","14,125","13,917","0,95%"
"12.06.2025","13,915","13,920","14,015","13,915","-0,14%"
"11.06.2025","13,935","13,970","14,028","13,938","-0,54%"
"10.06.2025","14,010","14,181","14,210","13,995","-0,67%"
"09.06.2025","14,105","14,210","14,210","14,090","-0,51%"
"06.06.2025","14,177","14,248","14,248","14,127","0,42%"
"05.06.2025","14,118","13,995","14,118","13,995","0,91%"
"04.06.2025","13,990","14,000","14,070","13,990","0,30%"
"03.06.2025","13,948","14,120","14,120","13,948","-0,90%"
"02.06.2025","14,075","14,015","14,075","13,993","0,59%"
"30.05.2025","13,993","14,050","14,050","13,993","0,00%"
"29.05.2025","13,993","14,020","14,020","13,943","-0,12%"
"28.05.2025","14,010","14,010","14,010","14,010","0,37%"
"27.05.2025","13,958","14,012","14,012","13,958","-1,18%"
"26.05.2025","14,125","14,180","14,188","14,113","-0,35%"
"23.05.2025","14,174","14,161","14,280","14,007","1,19%"
"22.05.2025","14,007","14,190","14,208","14,007","-1,46%"
"21.05.2025","14,215","14,200","14,215","14,200","0,53%"
"20.05.2025","14,140","14,026","14,140","14,024","0,81%"
"19.05.2025","14,026","14,127","14,130","14,026","-0,38%"
"16.05.2025","14,080","14,130","14,130","14,068","-0,04%"
"15.05.2025","14,085","14,110","14,110","13,983","1,12%"
"14.05.2025","13,929","13,929","13,929","13,929","-0,56%"
"13.05.2025","14,007","13,870","14,007","13,868","1,04%"
"12.05.2025","13,863","13,762","13,910","13,757","0,75%"
"09.05.2025","13,760","13,842","13,850","13,760","-1,52%"
"08.05.2025","13,972","13,995","13,995","13,880","0,00%"
"07.05.2025","13,972","13,995","14,130","13,927","-1,14%"
"06.05.2025","14,133","14,130","14,133","13,993","0,26%"
"05.05.2025","14,097","14,145","14,150","14,097","0,24%"
"02.05.2025","14,063","14,075","14,169","14,063","-0,26%"
"30.04.2025","14,100","14,225","14,290","14,100","-1,93%"
"29.04.2025","14,377","14,377","14,377","14,377","0,43%"
"28.04.2025","14,315","14,248","14,395","14,248","-1,37%"
"25.04.2025","14,514","14,514","14,514","14,278","0,00%"
"24.04.2025","14,514","14,626","14,626","14,330","-0,71%"
"23.04.2025","14,618","14,618","14,693","14,533","0,00%"
"22.04.2025","14,618","14,580","14,710","14,568","0,02%"
"17.04.2025","14,615","14,675","14,675","14,565","-0,58%"
"16.04.2025","14,700","14,700","14,730","14,663","0,40%"
"15.04.2025","14,642","14,710","14,730","14,642","0,23%"
"14.04.2025","14,608","14,660","14,830","14,608","-1,40%"
"11.04.2025","14,815","15,089","15,089","14,815","-1,63%"
"10.04.2025","15,060","15,114","15,250","14,950","1,36%"
"09.04.2025","14,858","14,858","15,210","14,818","0,09%"
"08.04.2025","14,845","14,855","14,945","14,693","0,39%"
"07.04.2025","14,788","14,945","14,995","14,693","-0,01%"
"04.04.2025","14,790","14,755","14,790","14,730","0,16%"
"03.04.2025","14,767","14,865","15,028","14,767","-1,80%"
"02.04.2025","15,038","14,910","15,038","14,910","0,42%"
"01.04.2025","14,975","15,002","15,102","14,975","-0,86%"
"31.03.2025","15,105","15,251","15,251","15,028","0,42%"
"28.03.2025","15,042","15,160","15,172","15,042","0,18%"
"27.03.2025","15,015","15,012","15,172","14,981","-0,92%"
"26.03.2025","15,155","14,843","15,155","14,843","1,53%"
"25.03.2025","14,927","14,840","14,995","14,833","-0,17%"
"24.03.2025","14,953","14,965","14,975","14,915","1,73%"
"21.03.2025","14,698","14,680","14,945","14,558","-0,12%"
"20.03.2025","14,716","14,600","14,717","14,520","0,79%"
"19.03.2025","14,600","14,620","14,684","14,568","-0,05%"
"18.03.2025","14,608","14,677","14,800","14,608","-1,20%"
"17.03.2025","14,786","14,785","14,790","14,725","0,73%"
"14.03.2025","14,679","14,944","15,052","14,679","-1,02%"
"13.03.2025","14,830","15,023","15,023","14,775","-0,13%"
"11.03.2025","14,850","14,653","14,880","14,653","-0,15%"
"10.03.2025","14,872","14,872","15,073","14,712","-0,03%"
"07.03.2025","14,877","15,047","15,073","14,860","-0,95%"
"06.03.2025","15,020","14,948","15,047","14,948","-0,51%"
"05.03.2025","15,097","15,082","15,330","15,040","-1,11%"
"28.02.2025","15,267","15,042","15,330","15,040","1,75%"
"27.02.2025","15,005","15,045","15,045","14,863","0,57%"
"26.02.2025","14,920","14,865","14,943","14,863","1,51%"
"25.02.2025","14,698","14,760","14,760","14,683","-0,13%"
"24.02.2025","14,717","14,658","14,717","14,658","0,35%"
"21.02.2025","14,665","14,680","14,705","14,665","-0,29%"
"20.02.2025","14,708","14,605","14,708","14,511","0,86%"
"19.02.2025","14,583","14,450","14,583","14,353","0,92%"
"18.02.2025","14,450","14,455","14,691","14,353","0,17%"
"17.02.2025","14,425","14,946","14,946","14,425","-2,12%"
"14.02.2025","14,738","14,775","14,997","14,738","-1,73%"
"13.02.2025","14,997","14,940","15,023","14,920","0,68%"
"12.02.2025","14,895","14,880","14,895","14,858","0,12%"
"11.02.2025","14,877","14,954","14,980","14,877","-0,51%"
"10.02.2025","14,954","14,860","14,954","14,735","0,82%"
"07.02.2025","14,833","14,745","14,943","14,715","0,16%"
"06.02.2025","14,810","14,780","14,810","14,729","1,51%"
"05.02.2025","14,590","14,600","14,670","14,546","0,83%"
"04.02.2025","14,470","14,520","14,530","14,420","-1,96%"
"03.02.2025","14,760","14,775","14,780","14,580","-0,24%"
"31.01.2025","14,795","14,682","14,917","14,682","-1,41%"
"30.01.2025","15,007","15,195","15,195","14,887","-0,65%"
"29.01.2025","15,105","15,105","15,115","15,098","0,30%"
"28.01.2025","15,060","15,070","15,206","15,029","-0,46%"
"27.01.2025","15,130","15,168","15,195","15,040","-0,31%"
"24.01.2025","15,177","15,120","15,195","15,120","0,15%"
"23.01.2025","15,155","15,090","15,155","15,090","1,83%"
"22.01.2025","14,882","15,080","15,080","14,882","-1,54%"
"21.01.2025","15,115","15,140","15,167","15,087","0,31%"
"20.01.2025","15,068","15,169","15,278","15,068","0,19%"
"17.01.2025","15,039","14,890","15,070","14,755","0,80%"
"16.01.2025","14,920","14,780","14,940","14,755","1,84%"
"15.01.2025","14,650","14,760","14,810","14,650","-2,43%"
"14.01.2025","15,015","15,140","15,140","14,975","0,65%"
"13.01.2025","14,918","15,090","15,125","14,918","0,00%"
"10.01.2025","14,918","14,877","15,055","14,750","1,14%"
"09.01.2025","14,750","14,805","14,815","14,677","-0,14%"
"08.01.2025","14,770","14,780","14,800","14,487","1,27%"
"07.01.2025","14,585","14,495","14,632","14,475","-0,17%"
"06.01.2025","14,610","14,565","14,610","14,565","-1,91%"
"03.01.2025","14,895","14,750","14,895","14,740","-1,42%"
"02.01.2025","15,110","15,330","15,330","15,110","-0,23%"
"30.12.2024","15,145","14,944","15,145","14,860","0,95%"
"27.12.2024","15,002","14,782","15,002","14,760","1,92%"
"26.12.2024","14,720","14,840","14,860","14,720","2,87%"
"20.12.2024","14,310","14,680","14,710","14,180","-2,63%"
"19.12.2024","14,697","15,550","15,550","14,697","-0,49%"
"18.12.2024","14,770","14,560","14,840","14,455","3,03%"
"17.12.2024","14,335","14,800","14,847","14,335","-2,08%"
"16.12.2024","14,640","14,640","14,640","14,640","5,23%"
"13.12.2024","13,913","13,762","13,913","13,631","1,90%"
"12.12.2024","13,653","13,630","13,880","13,465","0,98%"
"11.12.2024","13,520","13,520","13,655","13,520","-1,89%"
"10.12.2024","13,780","14,014","14,186","13,780","-2,82%"
"09.12.2024","14,180","13,960","14,220","13,960","1,07%"
"06.12.2024","14,030","13,668","14,030","13,668","2,88%"
"05.12.2024","13,637","13,670","13,688","13,637","-0,84%"
"04.12.2024","13,752","13,930","13,930","13,712","-0,28%"
"03.12.2024","13,790","13,770","13,815","13,710","2,11%"
"02.12.2024","13,505","13,510","13,530","13,401","0,24%"
"29.11.2024","13,472","14,040","14,040","13,472","0,14%"
"28.11.2024","13,453","13,310","13,520","13,195","1,96%"
"27.11.2024","13,195","12,858","13,195","12,837","3,22%"
"25.11.2024","12,783","12,870","12,870","12,783","-0,75%"
"22.11.2024","12,880","12,868","12,945","12,795","0,37%"
"21.11.2024","12,833","12,935","12,935","12,795","-0,71%"
"19.11.2024","12,925","12,920","12,925","12,875","0,17%"
"18.11.2024","12,903","12,917","12,917","12,885","0,02%"
"14.11.2024","12,900","12,930","12,960","12,900","0,08%"
"12.11.2024","12,890","12,730","12,890","12,730","1,34%"
"11.11.2024","12,720","12,785","12,785","12,720","-0,27%"
"08.11.2024","12,755","12,745","12,755","12,745","-0,23%"
"07.11.2024","12,785","12,655","12,785","12,655","0,55%"
"06.11.2024","12,715","12,925","12,925","12,715","-0,82%"
"05.11.2024","12,820","12,950","12,950","12,820","-1,16%"
"04.11.2024","12,970","12,920","12,970","12,920","-1,07%"
"01.11.2024","13,110","12,880","13,110","12,880","2,02%"
"31.10.2024","12,850","12,770","12,850","12,770","0,16%"
"30.10.2024","12,830","12,830","12,830","12,830","0,23%"
"29.10.2024","12,800","12,720","12,800","12,720","0,79%"
"28.10.2024","12,700","12,620","12,700","12,620","0,00%"
"25.10.2024","12,700","12,700","12,700","12,700","-0,66%"
"24.10.2024","12,785","12,910","12,910","12,785","-0,74%"
"23.10.2024","12,880","12,820","12,880","12,820","0,55%"
"22.10.2024","12,810","12,840","12,840","12,810","-0,47%"
"21.10.2024","12,870","12,810","12,870","12,810","-0,16%"
"18.10.2024","12,890","12,790","12,890","12,790","0,31%"
"17.10.2024","12,850","12,830","12,850","12,830","0,86%"
"16.10.2024","12,740","12,710","12,740","12,710","2,41%"
"15.10.2024","12,440","12,440","12,440","12,440","-0,72%"
"14.10.2024","12,530","12,590","12,590","12,530","-1,42%"
"11.10.2024","12,710","12,510","12,710","12,510","2,01%"
"10.10.2024","12,460","12,380","12,460","12,380","0,40%"
"09.10.2024","12,410","12,280","12,410","12,280","2,06%"
"08.10.2024","12,160","12,190","12,190","12,160","-0,98%"
"07.10.2024","12,280","12,320","12,320","12,280","-0,41%"
"04.10.2024","12,330","12,360","12,360","12,330","0,16%"
"03.10.2024","12,310","12,360","12,360","12,310","0,08%"
"02.10.2024","12,300","12,310","12,310","12,300","-0,97%"
"01.10.2024","12,420","12,400","12,420","12,400","0,08%"
"30.09.2024","12,410","12,350","12,410","12,350","0,89%"
"27.09.2024","12,300","12,310","12,310","12,300","0,74%"
"26.09.2024","12,210","12,210","12,210","12,210","-0,41%"
"25.09.2024","12,260","12,260","12,260","12,260","-0,33%"
"24.09.2024","12,300","12,370","12,370","12,300","-1,91%"
"23.09.2024","12,540","12,485","12,540","12,485","1,58%"
"20.09.2024","12,345","12,220","12,345","12,220","1,69%"
"19.09.2024","12,140","12,070","12,140","12,070","1,76%"
"18.09.2024","11,930","12,025","12,025","11,930","-0,95%"
"17.09.2024","12,045","12,090","12,090","12,045","0,29%"
"16.09.2024","12,010","12,010","12,010","12,010","0,50%"
"13.09.2024","11,950","11,980","11,980","11,950","-0,33%"
"12.09.2024","11,990","11,900","11,990","11,900","1,35%"
"11.09.2024","11,830","11,810","11,830","11,810","0,00%"
"10.09.2024","11,830","11,820","11,830","11,820","0,25%"
"09.09.2024","11,800","11,860","11,860","11,800","-0,25%"
"06.09.2024","11,830","11,820","11,830","11,820","-1,50%"
"05.09.2024","12,010","11,940","12,010","11,940","-0,17%"
"04.09.2024","12,030","12,100","12,100","12,030","-0,74%"
"03.09.2024","12,120","12,100","12,120","12,100","-0,57%"
"02.09.2024","12,190","12,230","12,230","12,190","0,00%"
"30.08.2024","12,190","12,080","12,190","12,080","2,35%"
"29.08.2024","11,910","11,870","11,910","11,870","1,19%"
"28.08.2024","11,770","11,730","11,770","11,730","0,68%"
"27.08.2024","11,690","11,710","11,710","11,690","0,43%"
"26.08.2024","11,640","11,650","11,650","11,640","0,00%"
"23.08.2024","11,640","11,660","11,660","11,640","-0,51%"
"22.08.2024","11,700","11,680","11,700","11,680","1,21%"
"21.08.2024","11,560","11,580","11,580","11,560","0,26%"
"20.08.2024","11,530","11,510","11,530","11,510","1,23%"
"19.08.2024","11,390","11,450","11,450","11,390","-0,96%"
"16.08.2024","11,500","11,470","11,500","11,470","-0,43%"
"15.08.2024","11,550","11,540","11,550","11,540","0,96%"
"14.08.2024","11,440","11,460","11,460","11,440","0,26%"
"13.08.2024","11,410","11,420","11,420","11,410","-1,13%"
"12.08.2024","11,540","11,490","11,540","11,490","-0,86%"
"09.08.2024","11,640","11,730","11,730","11,640","-1,69%"
"08.08.2024","11,840","11,840","11,840","11,840","0,25%"
"07.08.2024","11,810","11,810","11,810","11,810","-0,17%"
"06.08.2024","11,830","11,690","11,830","11,690","0,42%"
"05.08.2024","11,780","11,770","11,780","11,770","-0,55%"
"02.08.2024","11,845","11,825","11,845","11,825","-1,50%"
"01.08.2024","12,025","12,005","12,025","12,005","0,33%"
"31.07.2024","11,985","11,985","11,985","11,985","-0,83%"
"30.07.2024","12,085","12,115","12,115","12,085","-0,33%"
"29.07.2024","12,125","12,145","12,145","12,125","-0,08%"
"26.07.2024","12,135","12,155","12,155","12,135","-0,90%"
"25.07.2024","12,245","12,215","12,245","12,215","0,66%"
"24.07.2024","12,165","12,195","12,195","12,165","0,00%"
"23.07.2024","12,165","12,095","12,165","12,095","1,25%"
"22.07.2024","12,015","12,075","12,075","12,015","-0,46%"
"19.07.2024","12,070","12,100","12,100","12,070","0,08%"
"18.07.2024","12,060","12,060","12,060","12,060","1,26%"
"17.07.2024","11,910","11,910","11,910","11,910","0,68%"
"16.07.2024","11,830","11,790","11,830","11,790","0,08%"
"15.07.2024","11,820","11,830","11,830","11,820","1,20%"
"12.07.2024","11,680","11,760","11,760","11,680","0,00%"
"11.07.2024","11,680","11,693","11,693","11,680","-0,26%"
"10.07.2024","11,710","11,690","11,710","11,690","-1,43%"
"09.07.2024","11,880","11,930","11,930","11,880","-0,67%"
"08.07.2024","11,960","12,000","12,000","11,960","-0,17%"
"05.07.2024","11,980","12,060","12,060","11,980","-0,75%"
"04.07.2024","12,070","12,070","12,070","12,070","-1,35%"
"03.07.2024","12,235","12,335","12,335","12,235","-2,24%"
"02.07.2024","12,515","12,470","12,515","12,470","0,68%"
"01.07.2024","12,430","12,430","12,430","12,430","0,81%"
"28.06.2024","12,330","12,330","12,330","12,330","0,65%"
"27.06.2024","12,250","12,220","12,250","12,220","1,16%"
"26.06.2024","12,110","12,170","12,170","12,110","0,54%"
"25.06.2024","12,045","11,985","12,045","11,985","0,75%"
"24.06.2024","11,955","11,975","11,975","11,955","-0,75%"
"21.06.2024","12,045","12,165","12,165","12,045","-0,58%"
"20.06.2024","12,115","12,020","12,115","12,020","-0,53%"
"19.06.2024","12,180","12,200","12,200","12,180","1,00%"
"18.06.2024","12,060","12,050","12,060","12,050","0,25%"
"17.06.2024","12,030","12,080","12,080","12,030","-0,25%"
"14.06.2024","12,060","12,160","12,160","12,060","-0,74%"
"13.06.2024","12,150","12,280","12,280","12,150","0,00%"
"12.06.2024","12,150","12,100","12,150","12,100","1,42%"
"11.06.2024","11,980","11,960","11,980","11,960","-0,58%"
"10.06.2024","12,050","12,150","12,150","12,050","1,43%"
"07.06.2024","11,880","11,880","11,880","11,880","0,85%"
"06.06.2024","11,780","11,800","11,800","11,780","-0,59%"
"04.06.2024","11,850","11,810","11,850","11,810","-0,17%"
"03.06.2024","11,870","11,870","11,870","11,870","0,25%"
"31.05.2024","11,840","11,890","11,890","11,840","0,00%"
"29.05.2024","11,840","11,840","11,840","11,840","1,20%"
"28.05.2024","11,700","11,620","11,700","11,620","0,26%"
"27.05.2024","11,670","11,720","11,720","11,670","-0,34%"
"24.05.2024","11,710","11,690","11,710","11,690","-0,34%"
"23.05.2024","11,750","11,760","11,760","11,750","-0,51%"
"22.05.2024","11,810","11,810","11,810","11,810","1,11%"
"21.05.2024","11,680","11,670","11,680","11,670","-0,68%"
"20.05.2024","11,760","11,770","11,770","11,760","0,60%"
"17.05.2024","11,690","11,655","11,690","11,655","0,86%"
"16.05.2024","11,590","11,610","11,610","11,590","0,35%"
"15.05.2024","11,550","11,550","11,550","11,550","-0,94%"
"14.05.2024","11,660","11,700","11,700","11,660","-0,85%"
"13.05.2024","11,760","11,760","11,760","11,760","-0,08%"
"10.05.2024","11,770","11,730","11,770","11,730","0,43%"
"09.05.2024","11,720","11,830","11,830","11,720","1,47%"
"08.05.2024","11,550","11,570","11,570","11,550","0,65%"
"07.05.2024","11,475","11,470","11,480","11,460","-0,48%"
"06.05.2024","11,530","11,450","11,530","11,440","0,61%"
"03.05.2024","11,460","11,480","11,480","11,440","-0,99%"
"02.05.2024","11,575","11,685","11,710","11,575","-1,87%"
"30.04.2024","11,795","11,695","11,795","11,695","1,38%"
"29.04.2024","11,635","11,610","11,640","11,600","0,04%"
"26.04.2024","11,630","11,620","11,655","11,620","-0,51%"
"25.04.2024","11,690","11,524","11,740","11,524","1,44%"
"24.04.2024","11,524","11,524","11,524","11,524","0,47%"
"23.04.2024","11,470","11,600","11,600","11,470","-0,17%"
"22.04.2024","11,490","11,490","11,490","11,490","0,35%"
"19.04.2024","11,450","11,510","11,510","11,450","-0,87%"
"18.04.2024","11,550","11,560","11,560","11,550","-1,45%"
"17.04.2024","11,720","11,710","11,720","11,710","-0,93%"
"16.04.2024","11,830","11,810","11,830","11,810","1,98%"
"15.04.2024","11,600","11,600","11,600","11,600","1,49%"
"12.04.2024","11,430","11,440","11,440","11,430","0,75%"
"11.04.2024","11,345","11,345","11,345","11,345","1,29%"
"03.04.2024","11,200","11,200","11,200","11,200","0,40%"
"02.04.2024","11,155","11,155","11,155","11,155","0,77%"
"01.04.2024","11,070","11,038","11,070","11,038","0,85%"
"28.03.2024","10,977","11,000","11,000","10,977","0,43%"
"27.03.2024","10,930","10,960","10,960","10,930","-0,09%"
"26.03.2024","10,940","10,960","10,960","10,940","0,37%"
"25.03.2024","10,900","10,930","10,930","10,900","-0,18%"
"22.03.2024","10,920","10,920","10,920","10,920","0,00%"
"21.03.2024","10,920","10,850","10,920","10,850","0,18%"
"20.03.2024","10,900","10,900","10,900","10,900","-0,46%"
"19.03.2024","10,950","10,980","10,980","10,950","-0,64%"
"18.03.2024","11,020","11,020","11,020","11,020","1,43%"
"15.03.2024","10,865","10,865","10,865","10,865","0,46%"
"14.03.2024","10,815","10,790","10,815","10,790","0,98%"
"13.03.2024","10,710","10,730","10,730","10,710","-0,05%"
"12.03.2024","10,715","10,750","10,750","10,715","-0,92%"
"11.03.2024","10,815","10,815","10,815","10,815","0,14%"
"08.03.2024","10,800","10,800","10,800","10,800","1,10%"
"07.03.2024","10,683","10,660","10,683","10,660","0,30%"
"06.03.2024","10,651","10,670","10,670","10,630","0,04%"
"05.03.2024","10,647","10,650","10,650","10,647","-0,54%"
"04.03.2024","10,705","10,740","10,740","10,705","-0,33%"
"01.03.2024","10,740","10,780","10,780","10,740","-0,29%"
"29.02.2024","10,771","10,840","10,840","10,760","-0,69%"
"28.02.2024","10,846","10,820","10,846","10,820","0,17%"
"27.02.2024","10,828","10,840","10,840","10,820","-0,40%"
"26.02.2024","10,872","10,820","10,880","10,820","0,57%"
"23.02.2024","10,810","10,770","10,810","10,770","0,22%"
"22.02.2024","10,786","10,760","10,800","10,760","0,65%"
"21.02.2024","10,716","10,700","10,720","10,700","-0,08%"
"20.02.2024","10,725","10,730","10,730","10,720","-0,36%"
"19.02.2024","10,764","10,765","10,765","10,740","-0,17%"
"16.02.2024","10,782","10,775","10,795","10,775","0,00%"
"15.02.2024","10,782","10,790","10,790","10,782","-0,05%"
"14.02.2024","10,787","10,755","10,787","10,755","0,34%"
"13.02.2024","10,750","10,750","10,750","10,750","0,00%"
"12.02.2024","10,750","10,750","10,750","10,750","0,00%"
"11.02.2024","10,750","10,750","10,750","10,750","0,66%"
"09.02.2024","10,680","10,675","10,680","10,675","-0,84%"
"08.02.2024","10,770","10,695","10,603","10,681","1,58%"
"07.02.2024","10,603","10,620","10,620","10,603","-0,44%"
"06.02.2024","10,650","10,623","10,650","10,570","-0,26%"
"05.02.2024","10,678","10,700","10,700","10,678","0,25%"
"04.02.2024","10,651","10,651","10,651","10,651","-0,83%"
"02.02.2024","10,740","10,533","10,740","10,533","1,13%"
"01.02.2024","10,620","10,640","10,640","10,538","-0,38%"
"31.01.2024","10,660","10,632","10,660","10,583","-0,11%"
"30.01.2024","10,672","10,660","10,672","10,660","-0,54%"
"29.01.2024","10,730","10,618","10,730","10,618","1,50%"
"28.01.2024","10,571","10,571","10,571","10,571","0,00%"
"27.01.2024","10,571","10,571","10,571","10,571","-0,83%"
"26.01.2024","10,660","10,760","10,760","10,585","-0,93%"
"25.01.2024","10,760","10,703","10,760","10,656","0,47%"
"24.01.2024","10,710","10,665","10,712","10,640","-0,28%"
"23.01.2024","10,740","10,745","10,745","10,725","-0,83%"
"22.01.2024","10,830","10,748","10,830","10,748","1,11%"
"20.01.2024","10,711","10,711","10,711","10,711","-0,82%"
"19.01.2024","10,800","10,715","10,800","10,704","-0,18%"
"18.01.2024","10,820","10,722","10,820","10,722","0,19%"
"17.01.2024","10,800","10,712","10,800","10,712","0,37%"
"16.01.2024","10,760","10,580","10,760","10,580","2,33%"
"15.01.2024","10,515","10,555","10,555","10,502","0,12%"
"14.01.2024","10,502","10,502","10,502","10,502","0,00%"
"13.01.2024","10,502","10,502","10,502","10,502","-0,83%"
"12.01.2024","10,590","10,523","10,590","10,508","-0,56%"
"11.01.2024","10,650","10,605","10,650","10,592","-0,47%"
"10.01.2024","10,700","10,620","10,700","10,620","-0,19%"
"09.01.2024","10,720","10,700","10,720","10,655","0,90%"
"08.01.2024","10,624","10,658","10,690","10,620","0,40%"
"06.01.2024","10,582","10,582","10,582","10,582","-0,82%"
"05.01.2024","10,670","10,595","10,670","10,575","0,19%"
"04.01.2024","10,650","10,570","10,650","10,519","1,14%"
"03.01.2024","10,530","10,470","10,530","10,470","0,29%"
"02.01.2024","10,500","10,445","10,500","10,398","1,34%"
"29.12.2023","10,361","10,361","10,361","10,361","0,00%"
"28.12.2023","10,361","10,350","10,361","10,300","0,01%"
"27.12.2023","10,360","10,337","10,360","10,261","-0,67%"
"26.12.2023","10,430","10,445","10,445","10,330","0,66%"
"25.12.2023","10,362","10,362","10,362","10,362","0,00%"
"24.12.2023","10,362","10,362","10,362","10,362","0,00%"
"23.12.2023","10,362","10,362","10,362","10,362","0,00%"
"22.12.2023","10,362","10,359","10,366","10,340","-1,50%"
"21.12.2023","10,520","10,435","10,520","10,435","0,57%"
"20.12.2023","10,460","10,510","10,510","10,387","-1,37%"
"19.12.2023","10,606","10,672","10,672","10,587","-0,46%"
"18.12.2023","10,655","10,637","10,655","10,637","0,31%"
"17.12.2023","10,622","10,622","10,622","10,622","0,00%"
"16.12.2023","10,622","10,622","10,622","10,622","0,00%"
"15.12.2023","10,622","10,630","10,630","10,622","-1,92%"
"14.12.2023","10,830","10,670","10,830","10,670","0,57%"
"13.12.2023","10,769","10,867","10,867","10,769","-1,92%"
"12.12.2023","10,980","10,930","10,980","10,907","-0,63%"
"11.12.2023","11,050","10,930","11,050","10,930","0,99%"
"10.12.2023","10,941","10,941","10,941","10,941","0,00%"
"09.12.2023","10,941","10,941","10,941","10,941","-0,71%"
"08.12.2023","11,020","10,930","11,020","10,930","1,45%"
"07.12.2023","10,862","10,875","10,890","10,842","-0,89%"
"06.12.2023","10,960","10,905","10,960","10,895","-0,15%"
"05.12.2023","10,977","10,962","10,977","10,962","0,14%"
"04.12.2023","10,962","10,889","10,972","10,889","1,38%"
"03.12.2023","10,812","10,812","10,812","10,812","-0,72%"
"01.12.2023","10,890","10,920","10,920","10,820","-0,73%"
"30.11.2023","10,970","10,885","10,970","10,852","0,27%"
"29.11.2023","10,940","10,855","10,940","10,832","0,37%"
"28.11.2023","10,900","10,972","10,972","10,875","-1,62%"
"27.11.2023","11,080","11,045","11,080","10,982","-0,19%"
"26.11.2023","11,101","11,101","11,101","11,101","0,00%"
"25.11.2023","11,101","11,101","11,101","11,101","-0,10%"
"24.11.2023","11,112","11,071","11,112","11,071","0,48%"
"23.11.2023","11,059","11,051","11,059","11,051","0,23%"
"22.11.2023","11,033","11,051","11,051","11,033","-1,92%"
"21.11.2023","11,250","11,135","11,250","11,135","1,53%"
"20.11.2023","11,080","11,065","11,080","11,005","0,71%"
"19.11.2023","11,002","11,002","11,002","11,002","0,00%"
"18.11.2023","11,002","11,002","11,002","11,002","0,00%"
"17.11.2023","11,002","10,984","11,021","10,969","-1,24%"
"16.11.2023","11,140","11,165","11,165","11,075","-0,01%"
"15.11.2023","11,141","11,142","11,142","11,141","-0,10%"
"14.11.2023","11,152","11,321","11,321","11,152","-1,43%"
"13.11.2023","11,314","11,331","11,331","11,314","-0,15%"
"12.11.2023","11,331","11,331","11,331","11,331","-0,69%"
"10.11.2023","11,410","11,380","11,410","11,303","0,17%"
"09.11.2023","11,391","11,381","11,426","11,366","-0,60%"
"08.11.2023","11,460","11,410","11,460","11,364","-0,01%"
"07.11.2023","11,461","11,486","11,486","11,438","-1,62%"
"06.11.2023","11,650","11,545","11,650","11,545","1,65%"
"05.11.2023","11,461","11,461","11,461","11,461","0,00%"
"04.11.2023","11,461","11,461","11,461","11,461","0,10%"
"03.11.2023","11,450","11,651","11,651","11,450","-1,73%"
"02.11.2023","11,651","11,651","11,651","11,651","-0,67%"
"01.11.2023","11,730","11,805","11,805","11,657","-1,26%"
"31.10.2023","11,880","11,940","11,940","11,825","-0,92%"
"30.10.2023","11,990","11,765","11,990","11,681","2,30%"
"29.10.2023","11,721","11,721","11,721","11,721","0,00%"
"28.10.2023","11,721","11,721","11,721","11,721","-0,67%"
"27.10.2023","11,800","11,515","11,800","11,515","1,20%"
"26.10.2023","11,660","11,690","11,690","11,516","-1,69%"
"25.10.2023","11,860","11,770","11,860","11,751","0,08%"
"24.10.2023","11,850","11,805","11,980","11,747","-0,42%"
"23.10.2023","11,900","11,940","11,940","11,825","0,00%"
"21.10.2023","11,900","11,900","11,900","11,900","-0,08%"
"20.10.2023","11,910","11,960","11,960","11,910","-0,92%"
"19.10.2023","12,020","11,825","12,020","11,825","1,78%"
"18.10.2023","11,810","11,730","11,810","11,730","-1,42%"
"17.10.2023","11,980","11,795","11,980","11,795","2,04%"
"16.10.2023","11,741","11,821","11,835","11,719","-0,67%"
"15.10.2023","11,821","11,821","11,821","11,821","0,00%"
"14.10.2023","11,821","11,821","11,821","11,821","-0,27%"
"13.10.2023","11,853","11,806","11,853","11,806","1,05%"
"12.10.2023","11,730","11,730","11,730","11,730","0,89%"
"11.10.2023","11,626","11,711","11,711","11,626","-1,39%"
"10.10.2023","11,790","11,710","11,790","11,675","-0,76%"
"09.10.2023","11,880","11,980","11,980","11,768","-0,83%"
"08.10.2023","11,980","11,980","11,980","11,980","-0,66%"
"06.10.2023","12,060","12,230","12,230","11,946","-0,08%"
"05.10.2023","12,070","11,975","12,070","11,975","0,17%"
"04.10.2023","12,050","11,975","12,050","11,948","-0,58%"
"03.10.2023","12,120","11,880","12,120","11,880","1,76%"
"02.10.2023","11,910","11,848","11,910","11,848","1,70%"
"01.10.2023","11,711","11,711","11,711","11,711","0,00%"
"30.09.2023","11,711","11,711","11,711","11,711","0,00%"
"29.09.2023","11,711","11,701","11,711","11,669","-1,34%"
"28.09.2023","11,870","11,910","11,915","11,816","-1,00%"
"27.09.2023","11,990","11,800","12,065","11,800","1,27%"
"26.09.2023","11,840","11,680","11,840","11,680","2,18%"
"25.09.2023","11,587","11,590","11,590","11,587","1,45%"
"24.09.2023","11,421","11,421","11,421","11,421","0,00%"
"23.09.2023","11,421","11,421","11,421","11,421","-0,69%"
"22.09.2023","11,500","11,410","11,500","11,410","0,09%"
"21.09.2023","11,490","11,435","11,490","11,400","0,70%"
"20.09.2023","11,410","11,325","11,410","11,308","-0,17%"
"19.09.2023","11,430","11,360","11,430","11,360","0,70%"
"18.09.2023","11,350","11,280","11,350","11,269","0,78%"
"17.09.2023","11,262","11,262","11,262","11,262","0,00%"
"16.09.2023","11,262","11,262","11,262","11,262","-0,69%"
"15.09.2023","11,340","11,265","11,340","11,265","0,53%"
"14.09.2023","11,280","11,195","11,280","11,195","-0,09%"
"13.09.2023","11,290","11,195","11,290","11,195","0,00%"
"12.09.2023","11,290","11,290","11,290","11,220","-0,02%"
"11.09.2023","11,292","11,264","11,292","11,264","-0,35%"
"10.09.2023","11,332","11,332","11,332","11,332","0,00%"
"09.09.2023","11,332","11,332","11,332","11,332","-0,68%"
"08.09.2023","11,410","11,325","11,410","11,325","0,60%"
"07.09.2023","11,342","11,342","11,342","11,342","-0,69%"
"06.09.2023","11,420","11,305","11,420","11,305","0,62%"
"05.09.2023","11,350","11,225","11,350","11,225","1,16%"
"04.09.2023","11,220","11,105","11,220","11,105","0,61%"
"03.09.2023","11,152","11,152","11,152","11,152","0,00%"
"02.09.2023","11,152","11,152","11,152","11,152","0,31%"
"01.09.2023","11,118","11,118","11,118","11,118","-1,00%"
"31.08.2023","11,230","11,115","11,230","11,115","1,63%"
"30.08.2023","11,050","10,880","11,050","10,880","0,09%"
"29.08.2023","11,040","11,065","11,065","10,926","-1,25%"
"28.08.2023","11,180","11,110","11,180","11,037","0,61%"
"27.08.2023","11,112","11,112","11,112","11,112","0,00%"
"26.08.2023","11,112","11,112","11,112","11,112","-0,70%"
"25.08.2023","11,190","11,135","11,190","11,100","0,18%"
"24.08.2023","11,170","11,160","11,170","11,067","0,36%"
"23.08.2023","11,130","11,125","11,130","11,055","-1,59%"
"22.08.2023","11,310","11,310","11,310","11,225","-0,72%"
"21.08.2023","11,392","11,370","11,392","11,350","1,61%"
"20.08.2023","11,212","11,212","11,212","11,212","0,00%"
"19.08.2023","11,212","11,212","11,212","11,212","-0,69%"
"18.08.2023","11,290","11,295","11,295","11,225","-0,70%"
"17.08.2023","11,370","11,165","11,370","11,165","1,43%"
"16.08.2023","11,210","11,085","11,210","11,085","0,09%"
"15.08.2023","11,200","11,010","11,200","11,010","0,81%"
"14.08.2023","11,110","10,990","11,110","10,990","1,72%"
"13.08.2023","10,922","10,922","10,922","10,922","0,00%"
"12.08.2023","10,922","10,922","10,922","10,922","-0,03%"
"11.08.2023","10,926","10,920","10,926","10,913","-0,67%"
"10.08.2023","11,000","10,930","11,000","10,910","1,27%"
"09.08.2023","10,863","10,795","10,870","10,795","0,30%"
"08.08.2023","10,830","10,815","10,830","10,765","-0,39%"
"07.08.2023","10,872","10,870","10,872","10,860","0,64%"
"06.08.2023","10,803","10,803","10,803","10,803","0,00%"
"05.08.2023","10,803","10,803","10,803","10,803","-0,71%"
"04.08.2023","10,880","10,820","10,880","10,820","-0,02%"
"03.08.2023","10,882","10,790","10,882","10,790","1,61%"
"02.08.2023","10,710","10,775","10,775","10,710","-0,94%"
"01.08.2023","10,812","10,860","10,860","10,812","-0,36%"
"31.07.2023","10,851","10,915","10,915","10,851","-0,56%"
"30.07.2023","10,913","10,913","10,913","10,913","-0,15%"
"28.07.2023","10,929","10,935","10,935","10,915","-0,18%"
"27.07.2023","10,949","10,920","10,949","10,920","1,20%"
"26.07.2023","10,819","10,810","10,825","10,810","-0,06%"
"25.07.2023","10,825","10,795","10,825","10,790","-0,20%"
"24.07.2023","10,847","10,885","10,885","10,815","-0,24%"
"23.07.2023","10,873","10,873","10,873","10,873","0,00%"
"22.07.2023","10,873","10,873","10,873","10,873","-0,51%"
"21.07.2023","10,929","10,900","10,929","10,875","-0,54%"
"20.07.2023","10,988","10,860","10,988","10,860","1,48%"
"19.07.2023","10,828","10,750","10,828","10,750","1,07%"
"18.07.2023","10,713","10,745","10,745","10,695","-0,55%"
"17.07.2023","10,772","10,775","10,775","10,755","0,18%"
"15.07.2023","10,753","10,753","10,753","10,753","-0,38%"
"14.07.2023","10,794","10,725","10,794","10,725","0,80%"
"13.07.2023","10,708","10,625","10,708","10,625","0,92%"
"12.07.2023","10,610","10,585","10,610","10,585","-0,59%"
"11.07.2023","10,673","10,735","10,735","10,655","-0,08%"
"10.07.2023","10,682","10,710","10,710","10,682","0,18%"
"09.07.2023","10,663","10,663","10,663","10,663","0,00%"
"08.07.2023","10,663","10,663","10,663","10,663","0,19%"
"07.07.2023","10,643","10,820","10,820","10,643","-2,09%"
"06.07.2023","10,870","10,890","10,890","10,864","0,83%"
"05.07.2023","10,781","10,720","10,781","10,720","1,30%"
"04.07.2023","10,643","10,585","10,690","10,585","0,76%"
"03.07.2023","10,563","10,640","10,640","10,556","-1,09%"
"30.06.2023","10,679","10,780","10,780","10,670","-1,86%"
"29.06.2023","10,881","10,995","10,995","10,876","-0,01%"
"28.06.2023","10,882","10,910","10,910","10,880","0,45%"
"27.06.2023","10,833","10,960","10,960","10,829","-0,47%"
"26.06.2023","10,884","10,975","10,975","10,883","-0,76%"
"25.06.2023","10,967","10,967","10,967","10,967","0,00%"
"24.06.2023","10,967","10,967","10,967","10,967","-0,07%"
"23.06.2023","10,975","11,005","11,005","10,972","-0,72%"
"22.06.2023","11,055","11,000","11,055","11,000","0,18%"
"21.06.2023","11,035","11,130","11,130","11,035","-1,24%"
"20.06.2023","11,173","11,225","11,225","11,150","-0,17%"
"19.06.2023","11,192","11,215","11,215","11,160","-0,31%"
"18.06.2023","11,226","11,226","11,226","11,226","0,00%"
"17.06.2023","11,226","11,226","11,226","11,226","0,62%"
"16.06.2023","11,157","11,290","11,290","11,153","-0,23%"
"15.06.2023","11,183","11,155","11,230","11,155","-1,03%"
"14.06.2023","11,299","11,355","11,370","11,296","-0,68%"
"13.06.2023","11,376","11,285","11,378","11,285","1,25%"
"12.06.2023","11,236","11,250","11,255","11,234","0,62%"
"11.06.2023","11,167","11,167","11,167","11,167","0,00%"
"10.06.2023","11,167","11,167","11,167","11,167","-0,32%"
"09.06.2023","11,203","11,195","11,203","11,180","-0,21%"
"08.06.2023","11,227","11,227","11,227","11,227","-0,28%"
"07.06.2023","11,258","11,130","11,258","11,130","0,92%"
"06.06.2023","11,155","11,150","11,165","11,145","-0,26%"
"05.06.2023","11,184","11,440","11,440","11,184","-1,69%"
"04.06.2023","11,377","11,377","11,377","11,377","0,00%"
"03.06.2023","11,377","11,377","11,377","11,377","0,01%"
"02.06.2023","11,375","11,435","11,435","11,375","-1,34%"
"01.06.2023","11,530","11,585","11,585","11,530","-0,20%"
"31.05.2023","11,553","11,550","11,553","11,540","0,06%"
"30.05.2023","11,546","11,565","11,565","11,540","-0,46%"
"29.05.2023","11,599","11,595","11,599","11,595","-0,15%"
"28.05.2023","11,616","11,616","11,616","11,616","0,00%"
"27.05.2023","11,616","11,616","11,616","11,616","0,37%"
"26.05.2023","11,573","11,645","11,645","11,573","-0,47%"
"25.05.2023","11,628","11,595","11,635","11,595","-0,46%"
"24.05.2023","11,682","11,605","11,682","11,605","-0,40%"
"23.05.2023","11,729","11,885","11,885","11,725","-1,05%"
"22.05.2023","11,854","11,905","11,910","11,852","-0,43%"
"21.05.2023","11,906","11,906","11,906","11,906","0,00%"
"20.05.2023","11,906","11,906","11,906","11,906","0,02%"
"19.05.2023","11,903","11,925","11,925","11,899","0,58%"
"18.05.2023","11,834","11,865","11,865","11,833","-0,06%"
"17.05.2023","11,841","11,795","11,865","11,795","0,86%"
"16.05.2023","11,740","11,790","11,790","11,735","0,77%"
"15.05.2023","11,650","11,920","11,925","11,645","-1,57%"
"14.05.2023","11,836","11,836","11,836","11,836","0,00%"
"13.05.2023","11,836","11,836","11,836","11,836","0,39%"
"12.05.2023","11,790","12,070","12,070","11,790","-1,32%"
"11.05.2023","11,948","12,290","12,290","11,948","-2,03%"
"10.05.2023","12,196","12,450","12,450","12,196","-1,36%"
"09.05.2023","12,364","12,350","12,380","12,275","1,03%"
"08.05.2023","12,238","12,210","12,280","12,200","0,93%"
"07.05.2023","12,125","12,125","12,125","12,125","0,00%"
"06.05.2023","12,125","12,125","12,125","12,125","0,11%"
"05.05.2023","12,112","12,120","12,240","12,112","0,29%"
"04.05.2023","12,077","12,260","12,260","12,077","-0,70%"
"03.05.2023","12,162","12,430","12,430","12,162","-1,30%"
"02.05.2023","12,322","12,450","12,470","12,322","-0,35%"
"01.05.2023","12,365","12,365","12,365","12,365","0,00%"
"30.04.2023","12,365","12,365","12,365","12,365","0,00%"
"29.04.2023","12,365","12,365","12,365","12,365","0,01%"
"28.04.2023","12,364","12,360","12,490","12,345","0,94%"
"27.04.2023","12,249","12,450","12,450","12,249","-0,72%"
"26.04.2023","12,338","12,520","12,520","12,338","-0,73%"
"25.04.2023","12,429","12,670","12,670","12,424","-0,93%"
"24.04.2023","12,546","12,690","12,700","12,545","-0,46%"
"23.04.2023","12,604","12,604","12,604","12,604","0,00%"
"22.04.2023","12,604","12,604","12,604","12,604","0,00%"
"21.04.2023","12,604","12,604","12,604","12,604","0,06%"
"20.04.2023","12,596","12,770","12,770","12,596","-0,76%"
"19.04.2023","12,693","12,540","12,710","12,384","2,39%"
"18.04.2023","12,397","12,400","12,490","12,300","0,67%"
"17.04.2023","12,314","12,450","12,450","12,314","-0,41%"
"16.04.2023","12,365","12,365","12,365","12,365","0,00%"
"15.04.2023","12,365","12,322","12,365","12,322","-0,04%"
"14.04.2023","12,370","12,360","12,460","12,360","0,50%"
"13.04.2023","12,309","12,550","12,580","12,305","-1,29%"
"12.04.2023","12,470","12,590","12,590","12,470","-0,08%"
"11.04.2023","12,480","12,750","12,750","12,480","-1,65%"
"10.04.2023","12,690","12,740","12,800","12,690","0,28%"
"09.04.2023","12,654","12,654","12,654","12,654","0,00%"
"08.04.2023","12,654","12,654","12,654","12,654","0,00%"
"07.04.2023","12,654","12,740","12,740","12,654","-0,02%"
"06.04.2023","12,656","12,580","12,750","12,580","0,64%"
"05.04.2023","12,576","12,700","12,750","12,567","-0,53%"
"04.04.2023","12,643","12,780","12,780","12,631","-0,64%"
"03.04.2023","12,725","12,900","12,940","12,725","-1,36%"
"02.04.2023","12,900","12,900","12,900","12,900","0,00%"
"01.04.2023","12,900","12,900","12,900","12,900","0,61%"
"31.03.2023","12,822","12,930","12,930","12,810","-0,11%"
"30.03.2023","12,836","13,100","13,100","12,836","-1,19%"
"29.03.2023","12,991","13,040","13,040","12,900","0,29%"
"28.03.2023","12,954","13,130","13,130","12,954","0,38%"
"27.03.2023","12,905","12,980","12,980","12,905","-0,96%"
"24.03.2023","13,030","12,950","13,030","12,950","-0,61%"
"23.03.2023","13,110","13,110","13,110","13,110","1,39%"
"22.03.2023","12,930","13,115","13,115","12,930","-1,37%"
"21.03.2023","13,110","13,140","13,140","13,110","0,46%"
"20.03.2023","13,050","13,130","13,130","13,050","-0,68%"
"17.03.2023","13,140","13,250","13,250","13,140","0,08%"
"16.03.2023","13,130","13,070","13,130","13,070","-0,83%"
"15.03.2023","13,240","13,240","13,240","13,240","1,26%"
"14.03.2023","13,075","13,005","13,075","13,005","1,08%"
"13.03.2023","12,935","12,920","12,935","12,920","-1,86%"
"10.03.2023","13,180","13,130","13,180","13,130","-0,08%"
"09.03.2023","13,190","13,380","13,380","13,190","-1,49%"
"08.03.2023","13,390","13,470","13,470","13,390","-1,18%"
"07.03.2023","13,550","13,510","13,550","13,510","-0,15%"
"06.03.2023","13,570","13,590","13,590","13,570","-0,04%"
"03.03.2023","13,575","13,590","13,590","13,575","-0,33%"
"02.03.2023","13,620","13,575","13,620","13,575","1,04%"
"01.03.2023","13,480","13,380","13,480","13,380","1,28%"
"28.02.2023","13,310","13,300","13,310","13,300","-0,37%"
"27.02.2023","13,360","13,390","13,390","13,360","-0,60%"
"24.02.2023","13,440","13,420","13,440","13,310","0,98%"
"23.02.2023","13,310","13,420","13,420","13,310","0,38%"
"22.02.2023","13,260","13,260","13,260","13,260","0,08%"
"17.02.2023","13,250","13,320","13,320","13,250","-1,16%"
"16.02.2023","13,405","13,415","13,415","13,405","0,37%"
"15.02.2023","13,355","13,510","13,510","13,355","-0,85%"
"14.02.2023","13,470","13,360","13,470","13,360","0,30%"
"13.02.2023","13,430","13,430","13,430","13,430","-0,81%"
"10.02.2023","13,540","13,420","13,540","13,420","0,82%"
"09.02.2023","13,430","13,360","13,430","13,360","0,60%"
"08.02.2023","13,350","13,490","13,490","13,350","0,00%"
"07.02.2023","13,350","13,310","13,350","13,310","-0,60%"
"06.02.2023","13,430","13,490","13,490","13,430","0,52%"
"03.02.2023","13,360","13,305","13,360","13,305","2,65%"
"02.02.2023","13,015","13,177","13,177","13,015","-1,14%"
"01.02.2023","13,165","13,100","13,165","13,100","0,73%"
"31.01.2023","13,070","13,195","13,195","13,070","-0,80%"
"30.01.2023","13,175","13,105","13,175","13,105","-0,15%"
"27.01.2023","13,195","13,120","13,195","13,120","0,88%"
"26.01.2023","13,080","13,090","13,090","13,080","0,93%"
"25.01.2023","12,960","13,060","13,060","12,960","-1,67%"
"24.01.2023","13,180","13,270","13,270","13,180","-0,60%"
"23.01.2023","13,260","13,060","13,260","13,060","2,00%"
"20.01.2023","13,000","12,960","13,000","12,960","1,48%"
"19.01.2023","12,810","12,980","12,980","12,810","1,10%"
"18.01.2023","12,670","12,550","12,670","12,550","0,88%"
"17.01.2023","12,560","12,570","12,570","12,560","-0,83%"
"16.01.2023","12,665","12,550","12,665","12,550","2,34%"
"13.01.2023","12,375","12,440","12,440","12,375","0,45%"
"12.01.2023","12,320","12,370","12,370","12,320","-1,20%"
"11.01.2023","12,470","12,670","12,670","12,470","-2,08%"
"10.01.2023","12,735","12,890","12,890","12,735","-0,89%"
"09.01.2023","12,850","13,040","13,040","12,850","-0,31%"
"06.01.2023","12,890","13,030","13,030","12,890","-1,04%"
"05.01.2023","13,025","13,125","13,125","13,025","-1,88%"
"04.01.2023","13,275","13,225","13,275","13,225","0,91%"
"03.01.2023","13,155","13,155","13,155","13,155","3,10%"
"29.12.2022","12,760","12,660","12,760","12,660","-0,39%"
"28.12.2022","12,810","12,980","12,980","12,810","-1,84%"
"27.12.2022","13,050","13,020","13,050","13,020","0,85%"
"26.12.2022","12,940","12,960","12,960","12,940","-0,08%"
"23.12.2022","12,950","12,915","12,950","12,915","-0,77%"
"22.12.2022","13,050","13,180","13,180","13,050","-0,61%"
"21.12.2022","13,130","13,140","13,140","13,130","-0,45%"
"20.12.2022","13,190","13,190","13,190","13,190","-1,93%"
"19.12.2022","13,450","13,620","13,620","13,450","-0,11%"
"16.12.2022","13,465","13,445","13,465","13,445","0,41%"
"15.12.2022","13,410","13,410","13,410","13,410","-2,05%"
"14.12.2022","13,690","13,590","13,690","13,590","3,63%"
"13.12.2022","13,210","13,200","13,210","13,200","-0,30%"
"12.12.2022","13,250","13,090","13,250","13,090","1,61%"
"09.12.2022","13,040","13,040","13,040","13,040","0,62%"
"08.12.2022","12,960","12,990","12,990","12,960","1,09%"
"07.12.2022","12,820","12,930","12,930","12,820","-0,93%"
"06.12.2022","12,940","12,880","12,940","12,880","0,94%"
"05.12.2022","12,820","12,680","12,820","12,680","1,99%"
"02.12.2022","12,570","12,740","12,740","12,570","-2,03%"
"01.12.2022","12,830","12,935","12,935","12,830","0,16%"
"30.11.2022","12,810","13,025","13,025","12,810","-2,44%"
"29.11.2022","13,130","13,420","13,420","13,130","-3,24%"
"28.11.2022","13,570","13,660","13,660","13,570","-0,66%"
"25.11.2022","13,660","13,570","13,660","13,570","1,26%"
"24.11.2022","13,490","13,650","13,650","13,490","-2,81%"
"23.11.2022","13,880","13,710","13,880","13,710","2,97%"
"22.11.2022","13,480","13,400","13,480","13,400","0,75%"
"21.11.2022","13,380","13,260","13,380","13,260","1,06%"
"18.11.2022","13,240","13,110","13,240","13,110","-0,11%"
"17.11.2022","13,255","13,465","13,465","13,255","0,57%"
"16.11.2022","13,180","13,060","13,180","13,060","0,23%"
"14.11.2022","13,150","13,150","13,150","13,150","-1,28%"
"11.11.2022","13,320","11,835","13,320","11,835","2,46%"
"10.11.2022","13,000","11,835","13,000","11,835","6,43%"
"09.11.2022","12,215","11,835","12,275","11,835","0,66%"
"08.11.2022","12,135","12,175","12,215","12,135","1,13%"
"07.11.2022","12,000","11,835","12,000","11,835","1,18%"
"04.11.2022","11,860","11,860","11,860","11,835","-0,34%"
"03.11.2022","11,900","11,805","11,900","11,805","0,93%"
"01.11.2022","11,790","11,835","11,835","11,790","-0,97%"
"31.10.2022","11,905","12,115","12,115","11,835","-1,00%"
"28.10.2022","12,025","12,180","12,180","11,995","0,00%"
"27.10.2022","12,025","12,180","12,180","12,025","-1,15%"
"26.10.2022","12,165","12,110","12,165","12,110","0,33%"
"25.10.2022","12,125","12,125","12,125","12,125","-0,04%"
"24.10.2022","12,130","11,955","12,130","11,955","1,59%"
"21.10.2022","11,940","11,940","11,940","11,940","-0,13%"
"20.10.2022","11,955","11,955","11,980","11,955","0,13%"
"19.10.2022","11,940","11,940","11,940","11,940","0,76%"
"18.10.2022","11,850","11,890","11,890","11,850","-0,50%"
"17.10.2022","11,910","11,750","11,920","11,750","-0,92%"
"14.10.2022","12,020","11,750","12,020","11,750","1,09%"
"13.10.2022","11,890","12,080","12,080","11,890","0,17%"
"11.10.2022","11,870","11,840","11,935","11,840","0,76%"
"10.10.2022","11,780","11,750","11,800","11,750","0,17%"
"07.10.2022","11,760","11,750","11,760","11,730","-0,38%"
"06.10.2022","11,805","11,825","11,825","11,805","0,25%"
"05.10.2022","11,775","11,785","11,785","11,775","0,77%"
"04.10.2022","11,685","11,685","11,685","11,685","-0,64%"
"03.10.2022","11,760","12,165","12,165","11,710","-2,00%"
"30.09.2022","12,000","12,165","12,165","12,000","-1,60%"
"29.09.2022","12,195","12,305","12,305","12,165","0,29%"
"28.09.2022","12,160","12,085","12,210","12,085","1,00%"
"27.09.2022","12,040","12,110","12,110","11,900","-0,25%"
"26.09.2022","12,070","11,950","12,070","11,950","2,81%"
"23.09.2022","11,740","11,740","11,740","11,740","1,12%"
"22.09.2022","11,610","11,750","11,750","11,610","-2,03%"
"21.09.2022","11,850","11,930","11,930","11,770","-1,04%"
"20.09.2022","11,975","11,980","11,980","11,945","0,08%"
"19.09.2022","11,965","11,950","12,155","11,950","-1,03%"
"16.09.2022","12,090","11,950","12,180","11,950","-0,12%"
"15.09.2022","12,105","12,105","12,105","12,105","0,46%"
"14.09.2022","12,050","12,030","12,050","12,030","0,58%"
"13.09.2022","11,980","11,990","11,990","11,920","2,39%"
"12.09.2022","11,700","11,990","11,990","11,700","0,43%"
"09.09.2022","11,650","11,760","11,760","11,650","-1,69%"
"08.09.2022","11,850","11,880","11,880","11,825","-1,17%"
"06.09.2022","11,990","12,000","12,000","11,990","0,67%"
"05.09.2022","11,910","12,210","12,210","11,910","-0,25%"
"02.09.2022","11,940","11,900","11,940","11,900","-1,57%"
"01.09.2022","12,130","12,050","12,130","12,050","-0,49%"
"31.08.2022","12,190","12,210","12,210","12,190","-1,18%"
"30.08.2022","12,335","12,295","12,335","12,275","0,82%"
"29.08.2022","12,235","12,105","12,295","12,105","-0,37%"
"26.08.2022","12,280","12,215","12,280","12,215","0,53%"
"25.08.2022","12,215","12,155","12,305","12,155","0,58%"
"24.08.2022","12,145","12,020","12,145","12,020","0,12%"
"23.08.2022","12,130","12,280","12,280","12,065","-1,14%"
"22.08.2022","12,270","12,300","12,300","12,270","-0,16%"
"19.08.2022","12,290","12,220","12,290","12,220","1,65%"
"18.08.2022","12,090","12,080","12,090","12,020","0,67%"
"17.08.2022","12,010","11,890","12,035","11,890","1,18%"
"16.08.2022","11,870","11,890","11,890","11,870","-0,67%"
"15.08.2022","11,950","12,080","12,080","11,950","-1,48%"
"12.08.2022","12,130","12,070","12,180","12,070","-1,46%"
"11.08.2022","12,310","12,280","12,310","12,070","0,90%"
"10.08.2022","12,200","12,070","12,200","12,070","-0,65%"
"09.08.2022","12,280","12,125","12,280","12,125","0,57%"
"08.08.2022","12,210","12,825","12,825","12,210","-2,01%"
"05.08.2022","12,460","12,825","12,825","12,425","-1,15%"
"04.08.2022","12,605","12,825","12,825","12,605","-2,29%"
"03.08.2022","12,900","13,060","13,060","12,900","0,70%"
"02.08.2022","12,810","12,810","12,810","12,810","-0,66%"
"01.08.2022","12,895","12,940","12,940","12,895","-1,11%"
"29.07.2022","13,040","13,240","13,240","13,040","-1,21%"
"28.07.2022","13,200","13,280","13,280","13,200","-2,22%"
"27.07.2022","13,500","13,475","13,500","13,355","0,75%"
"26.07.2022","13,400","13,330","13,400","13,330","-0,59%"
"25.07.2022","13,480","13,585","13,585","13,480","-1,10%"
"22.07.2022","13,630","13,610","13,630","13,610","-0,66%"
"21.07.2022","13,720","13,620","13,720","13,620","0,15%"
"20.07.2022","13,700","13,680","13,700","13,655","0,51%"
"19.07.2022","13,630","13,610","13,630","13,610","0,96%"
"18.07.2022","13,500","13,305","13,500","13,305","1,05%"
"15.07.2022","13,360","13,435","13,435","13,290","0,11%"
"14.07.2022","13,345","13,435","13,435","13,345","0,64%"
"13.07.2022","13,260","13,435","13,435","13,260","-1,12%"
"12.07.2022","13,410","13,435","13,460","13,410","0,30%"
"11.07.2022","13,370","13,225","13,400","13,225","0,98%"
"08.07.2022","13,240","13,200","13,240","13,200","0,30%"
"07.07.2022","13,200","13,220","13,220","13,200","-0,23%"
"06.07.2022","13,230","13,180","13,230","13,180","0,23%"
"05.07.2022","13,200","13,170","13,200","13,170","1,19%"
"04.07.2022","13,045","13,060","13,060","13,045","-0,19%"
"01.07.2022","13,070","13,180","13,180","13,020","0,15%"
"30.06.2022","13,050","13,050","13,050","13,050","-1,73%"
"29.06.2022","13,280","12,915","13,280","12,915","0,99%"
"28.06.2022","13,150","12,915","13,150","12,915","1,86%"
"27.06.2022","12,910","12,865","12,910","12,865","0,39%"
"24.06.2022","12,860","12,840","12,860","12,840","0,70%"
"23.06.2022","12,770","12,770","12,770","12,770","0,39%"
"22.06.2022","12,720","12,760","12,760","12,720","-1,09%"
"21.06.2022","12,860","12,835","12,860","12,835","0,55%"
"20.06.2022","12,790","12,855","12,880","12,790","-0,85%"
"17.06.2022","12,900","13,000","13,000","12,855","-1,83%"
"15.06.2022","13,140","13,285","13,285","13,140","-0,90%"
"14.06.2022","13,260","12,675","13,260","12,675","2,00%"
"13.06.2022","13,000","12,675","13,035","12,675","1,09%"
"10.06.2022","12,860","12,790","12,860","12,790","0,47%"
"09.06.2022","12,800","12,675","12,835","12,675","-0,58%"
"08.06.2022","12,875","12,675","12,875","12,675","-0,23%"
"07.06.2022","12,905","12,905","12,905","12,905","1,45%"
"06.06.2022","12,720","12,675","12,720","12,675","0,55%"
"03.06.2022","12,650","12,675","12,675","12,650","-0,94%"
"02.06.2022","12,770","12,730","12,790","12,730","1,11%"
"01.06.2022","12,630","12,710","12,730","12,630","0,64%"
"31.05.2022","12,550","12,580","12,580","12,550","-0,32%"
"30.05.2022","12,590","12,410","12,710","12,360","2,27%"
"27.05.2022","12,310","12,340","12,410","12,310","-0,24%"
"26.05.2022","12,340","12,450","12,450","12,340","-1,12%"
"25.05.2022","12,480","12,520","12,520","12,480","1,13%"
"24.05.2022","12,340","12,185","12,400","12,185","1,56%"
"23.05.2022","12,150","12,240","12,240","12,150","-0,57%"
"20.05.2022","12,220","12,280","12,280","12,220","-1,05%"
"19.05.2022","12,350","12,420","12,420","12,335","-1,28%"
"18.05.2022","12,510","12,540","12,540","12,510","0,00%"
"17.05.2022","12,510","12,530","12,530","12,475","-0,16%"
"16.05.2022","12,530","12,460","12,530","12,460","-1,80%"
"13.05.2022","12,760","12,635","12,760","12,635","0,31%"
"12.05.2022","12,720","12,720","12,720","12,720","0,24%"
"11.05.2022","12,690","12,670","12,690","12,670","0,63%"
"10.05.2022","12,610","12,625","12,625","12,610","-0,24%"
"09.05.2022","12,640","12,640","12,640","12,640","-0,32%"
"06.05.2022","12,680","12,545","12,735","12,545","0,79%"
"05.05.2022","12,580","12,545","12,580","12,545","2,11%"
"04.05.2022","12,320","12,380","12,380","12,320","-0,40%"
"03.05.2022","12,370","12,370","12,370","12,370","-0,64%"
"02.05.2022","12,450","12,375","12,450","12,375","1,63%"
"29.04.2022","12,250","12,265","12,265","12,250","-0,97%"
"28.04.2022","12,370","12,335","12,370","12,290","0,65%"
"27.04.2022","12,290","12,250","12,335","12,250","-0,32%"
"26.04.2022","12,330","12,250","12,385","12,250","0,08%"
"25.04.2022","12,320","12,400","12,400","12,250","0,16%"
"22.04.2022","12,300","12,220","12,400","12,220","0,99%"
"20.04.2022","12,180","12,200","12,200","12,180","-0,33%"
"19.04.2022","12,220","12,160","12,220","12,160","0,25%"
"18.04.2022","12,190","12,320","12,320","12,160","0,41%"
"14.04.2022","12,140","12,060","12,140","12,060","0,50%"
"13.04.2022","12,080","12,130","12,130","12,080","0,25%"
"12.04.2022","12,050","11,860","12,050","11,860","0,88%"
"11.04.2022","11,945","11,855","12,060","11,855","0,76%"
"08.04.2022","11,855","11,665","11,855","11,665","5,85%"
"07.04.2022","11,200","11,555","11,665","11,200","0,72%"
"06.04.2022","11,120","11,405","11,555","11,120","1,37%"
"05.04.2022","10,970","11,320","11,405","10,970","-2,18%"
"04.04.2022","11,215","11,370","11,370","11,215","1,77%"
"01.04.2022","11,020","11,635","11,635","11,020","-2,04%"
"31.03.2022","11,250","11,740","11,740","11,250","-0,88%"
"30.03.2022","11,350","11,635","11,740","11,350","1,43%"
"29.03.2022","11,190","11,695","11,695","11,190","-0,71%"
"28.03.2022","11,270","11,785","11,785","11,270","-1,14%"
"25.03.2022","11,400","11,905","11,905","11,400","-1,30%"
"24.03.2022","11,550","11,905","11,905","11,550","-1,79%"
"23.03.2022","11,760","12,155","12,185","11,760","-1,18%"
"22.03.2022","11,900","12,215","12,215","11,900","0,00%"
"21.03.2022","11,900","12,135","12,215","11,900","-1,94%"
"18.03.2022","12,135","12,345","12,345","12,135","0,54%"
"17.03.2022","12,070","12,345","12,345","12,070","-1,07%"
"16.03.2022","12,200","12,425","12,435","12,200","-0,49%"
"15.03.2022","12,260","12,425","12,425","12,260","-1,05%"
"14.03.2022","12,390","12,290","12,595","12,290","2,48%"
"11.03.2022","12,090","12,250","12,250","11,535","0,33%"
"10.03.2022","12,050","12,165","12,250","12,050","1,01%"
"09.03.2022","11,930","12,155","12,165","11,930","-0,67%"
"08.03.2022","12,010","12,155","12,155","12,010","1,26%"
"07.03.2022","11,860","11,695","12,155","11,695","3,85%"
"04.03.2022","11,420","11,695","11,695","11,420","0,00%"
"03.03.2022","11,420","11,625","11,695","11,420","0,79%"
"02.03.2022","11,330","11,330","11,330","11,330","0,09%"
"25.02.2022","11,320","11,535","11,565","11,320","0,09%"
"24.02.2022","11,310","11,485","11,535","11,310","1,25%"
"23.02.2022","11,170","11,485","11,485","11,170","-0,36%"
"22.02.2022","11,210","11,445","11,485","11,210","-0,09%"
"21.02.2022","11,220","11,445","11,445","11,220","-0,36%"
"18.02.2022","11,260","11,555","11,555","11,260","0,00%"
"17.02.2022","11,260","11,445","11,555","11,260","0,63%"
"16.02.2022","11,190","11,515","11,515","11,190","-0,80%"
"15.02.2022","11,280","11,615","11,615","11,280","-2,88%"
"14.02.2022","11,615","11,615","11,615","11,615","3,15%"
"11.02.2022","11,260","11,595","11,595","11,260","-2,64%"
"10.02.2022","11,565","11,565","11,565","11,565","0,61%"
"09.02.2022","11,495","11,445","11,495","11,445","1,73%"
"08.02.2022","11,300","11,445","11,445","11,300","1,16%"
"07.02.2022","11,170","11,445","11,445","11,170","-0,27%"
"04.02.2022","11,200","11,195","11,515","11,195","0,04%"
"03.02.2022","11,195","11,195","11,195","11,195","0,36%"
"02.02.2022","11,155","11,290","11,290","11,155","-1,20%"
"01.02.2022","11,290","11,290","11,290","11,290","1,90%"
"31.01.2022","11,080","11,465","11,465","11,080","-0,27%"
"28.01.2022","11,110","11,495","11,495","11,110","-3,35%"
"27.01.2022","11,495","11,495","11,495","11,495","1,46%"
"26.01.2022","11,330","11,330","11,330","11,330","-0,92%"
"25.01.2022","11,435","11,435","11,435","11,435","-0,87%"
"24.01.2022","11,535","11,535","11,535","11,535","0,00%"
"21.01.2022","11,535","11,535","11,535","11,535","2,17%"
"20.01.2022","11,290","11,290","11,290","11,290","-0,92%"
"19.01.2022","11,395","11,595","11,595","11,395","-1,72%"
"18.01.2022","11,595","11,545","11,595","11,545","0,43%"
"17.01.2022","11,545","11,545","11,545","11,545","2,49%"
"14.01.2022","11,265","11,310","11,310","11,265","-0,40%"
"13.01.2022","11,310","11,310","11,310","11,310","-0,04%"
"12.01.2022","11,315","11,315","11,315","11,315","-1,91%"
"11.01.2022","11,535","11,535","11,535","11,535","0,44%"
"10.01.2022","11,485","11,485","11,485","11,485","0,88%"
"07.01.2022","11,385","11,385","11,385","11,385","0,44%"
"06.01.2022","11,335","11,395","11,395","11,335","0,31%"
"05.01.2022","11,300","11,360","11,360","11,300","0,00%"
"04.01.2022","11,300","10,665","11,300","10,665","2,31%"
"03.01.2022","11,045","10,835","11,045","10,835","7,13%"
"30.12.2021","10,310","10,850","10,850","10,310","-1,25%"
"29.12.2021","10,440","10,730","10,850","10,440","1,26%"
"28.12.2021","10,310","10,750","10,750","10,310","-0,39%"
"27.12.2021","10,350","10,740","10,750","10,350","-2,63%"
"23.12.2021","10,630","10,630","10,630","10,630","3,81%"
"22.12.2021","10,240","10,570","10,570","10,150","-3,12%"
"21.12.2021","10,570","10,660","10,660","10,570","-0,89%"
"20.12.2021","10,665","10,810","10,950","10,665","-1,34%"
"17.12.2021","10,810","10,665","10,810","10,665","1,36%"
"16.12.2021","10,665","10,630","10,665","10,520","0,89%"
"15.12.2021","10,570","10,570","10,570","10,570","0,15%"
"14.12.2021","10,555","10,555","10,555","10,555","-0,28%"
"13.12.2021","10,585","10,585","10,585","10,585","0,62%"
"10.12.2021","10,520","10,520","10,520","10,520","-1,87%"
"09.12.2021","10,720","10,845","10,845","10,720","-1,15%"
"08.12.2021","10,845","10,845","10,845","10,845","-1,36%"
"07.12.2021","10,995","10,995","10,995","10,995","-0,63%"
"06.12.2021","11,065","11,065","11,065","11,065","0,00%"
"03.12.2021","11,065","11,455","11,455","11,065","-2,43%"
"02.12.2021","11,340","11,455","11,455","11,340","-1,00%"
"01.12.2021","11,455","11,455","11,455","11,455","0,39%"
"30.11.2021","11,410","11,410","11,410","11,410","-1,60%"
"29.11.2021","11,595","11,705","11,705","11,595","-0,94%"
"26.11.2021","11,705","11,645","11,705","11,645","-0,56%"
"25.11.2021","11,771","11,771","11,771","11,771","1,09%"
"24.11.2021","11,644","11,644","11,644","11,644","-0,09%"
"23.11.2021","11,655","11,655","11,655","11,655","-1,69%"
"22.11.2021","11,855","11,855","11,855","11,855","1,02%"
"19.11.2021","11,735","11,735","11,735","11,735","-0,51%"
"18.11.2021","11,795","11,795","11,795","11,795","0,08%"
"17.11.2021","11,785","11,675","11,785","11,675","0,94%"
"16.11.2021","11,675","11,580","11,675","11,580","0,82%"
"12.11.2021","11,580","11,580","11,580","11,580","0,52%"
"11.11.2021","11,520","11,515","11,520","11,515","0,04%"
"10.11.2021","11,515","11,555","11,555","11,515","-0,35%"
"09.11.2021","11,555","11,790","11,790","11,555","-1,99%"
"08.11.2021","11,790","11,890","11,890","11,790","-0,43%"
"06.11.2021","11,841","11,841","11,841","11,841","-0,41%"
"05.11.2021","11,890","12,010","12,010","11,890","-1,00%"
"04.11.2021","12,010","12,010","12,010","12,010","1,14%"
"03.11.2021","11,875","12,315","12,315","11,875","-3,02%"
"01.11.2021","12,245","12,245","12,245","12,245","0,00%"
"29.10.2021","12,245","12,280","12,280","12,245","2,60%"
"28.10.2021","11,935","11,935","11,935","11,935","0,00%"
"27.10.2021","11,935","11,990","11,990","11,935","-0,46%"
"26.10.2021","11,990","11,990","11,990","11,990","0,21%"
"25.10.2021","11,965","12,135","12,135","11,965","-1,40%"
"22.10.2021","12,135","12,135","12,135","12,135","0,00%"
"21.10.2021","12,135","12,135","12,135","12,135","4,16%"
"20.10.2021","11,650","11,565","11,650","11,565","0,73%"
"19.10.2021","11,565","11,145","11,565","11,145","3,77%"
"18.10.2021","11,145","11,055","11,145","11,055","0,81%"
"15.10.2021","11,055","10,955","11,055","10,955","0,91%"
"14.10.2021","10,955","10,955","10,955","10,955","0,32%"
"13.10.2021","10,920","10,905","10,920","10,905","0,14%"
"11.10.2021","10,905","10,910","10,910","10,905","-1,76%"
"08.10.2021","11,100","11,100","11,100","11,100","0,00%"
"07.10.2021","11,100","11,020","11,100","11,020","0,73%"
"06.10.2021","11,020","11,130","11,130","11,020","-0,99%"
"05.10.2021","11,130","11,015","11,130","11,010","1,09%"
"04.10.2021","11,010","11,015","11,015","11,010","-0,05%"
"01.10.2021","11,015","11,165","11,165","11,015","-1,34%"
"30.09.2021","11,165","11,165","11,165","11,165","0,72%"
"29.09.2021","11,085","11,085","11,085","11,085","-0,49%"
"28.09.2021","11,140","11,140","11,140","11,140","0,63%"
"27.09.2021","11,070","10,900","11,070","10,900","0,73%"
"24.09.2021","10,990","10,900","10,990","10,900","0,83%"
"23.09.2021","10,900","10,900","10,900","10,705","1,82%"
"22.09.2021","10,705","10,815","10,815","10,705","-1,02%"
"21.09.2021","10,815","11,135","11,135","10,815","-2,35%"
"20.09.2021","11,075","11,135","11,135","11,075","-0,54%"
"17.09.2021","11,135","11,110","11,135","11,110","0,23%"
"16.09.2021","11,110","11,100","11,110","11,100","0,09%"
"15.09.2021","11,100","10,990","11,100","10,990","1,00%"
"14.09.2021","10,990","10,965","10,990","10,965","0,23%"
"13.09.2021","10,965","10,965","10,965","10,965","-1,31%"
"10.09.2021","11,110","11,175","11,175","11,110","-0,58%"
"09.09.2021","11,175","11,175","11,175","11,175","0,49%"
"08.09.2021","11,120","11,120","11,120","11,120","2,21%"
"06.09.2021","10,880","10,755","10,880","10,755","1,16%"
"03.09.2021","10,755","10,755","10,880","10,755","0,00%"
"02.09.2021","10,755","10,540","10,755","10,540","2,04%"
"01.09.2021","10,540","10,540","10,540","10,540","-0,09%"
"31.08.2021","10,550","10,265","10,550","10,265","2,78%"
"30.08.2021","10,265","10,265","10,265","10,265","0,10%"
"27.08.2021","10,255","10,255","10,255","10,255","-0,87%"
"26.08.2021","10,345","10,620","10,620","10,345","-0,05%"
"25.08.2021","10,350","10,620","10,620","10,350","-2,54%"
"24.08.2021","10,620","10,820","10,820","10,620","-1,85%"
"23.08.2021","10,820","10,820","10,820","10,820","1,84%"
"20.08.2021","10,625","10,625","10,625","10,625","-0,61%"
"19.08.2021","10,690","10,690","10,690","10,690","0,00%"
"18.08.2021","10,690","10,690","10,690","10,690","4,19%"
"17.08.2021","10,260","10,600","10,690","10,260","1,38%"
"16.08.2021","10,120","10,425","10,425","10,120","0,30%"
"13.08.2021","10,090","9,920","10,090","9,920","2,96%"
"12.08.2021","9,800","10,095","10,225","9,800","1,66%"
"11.08.2021","9,640","10,045","10,090","9,640","-0,41%"
"10.08.2021","9,680","10,090","10,090","9,680","0,94%"
"09.08.2021","9,590","9,990","10,090","9,590","0,00%"
"06.08.2021","9,590","9,900","9,930","9,590","0,74%"
"05.08.2021","9,520","9,600","9,900","9,520","3,59%"
"04.08.2021","9,190","9,650","9,650","9,190","-1,08%"
"03.08.2021","9,290","9,830","9,830","9,290","-2,82%"
"02.08.2021","9,560","9,600","9,600","9,500","4,82%"
"30.07.2021","9,120","9,335","9,600","9,120","-2,30%"
"29.07.2021","9,335","9,330","9,335","9,330","0,05%"
"28.07.2021","9,330","9,335","9,335","9,330","-0,05%"
"27.07.2021","9,335","9,335","9,335","9,335","0,76%"
"26.07.2021","9,265","9,305","9,305","9,265","0,65%"
"22.07.2021","9,205","9,205","9,205","9,205","-0,49%"
"21.07.2021","9,250","9,235","9,250","9,205","0,49%"
"20.07.2021","9,205","9,205","9,205","9,205","-0,32%"
"19.07.2021","9,235","9,235","9,235","9,235","4,59%"
"16.07.2021","8,830","9,215","9,215","8,830","-1,45%"
"15.07.2021","8,960","9,270","9,270","8,960","-3,08%"
"14.07.2021","9,245","9,470","9,470","9,245","1,59%"
"13.07.2021","9,100","9,365","9,470","9,100","2,13%"
"12.07.2021","8,910","9,365","9,365","8,910","-4,40%"
"08.07.2021","9,320","9,310","9,320","9,310","0,11%"
"07.07.2021","9,310","9,310","9,310","9,310","-0,75%"
"06.07.2021","9,380","9,275","9,380","9,110","1,13%"
"05.07.2021","9,275","9,210","9,275","9,210","0,71%"
"01.07.2021","9,210","9,115","9,210","9,110","1,04%"
"30.06.2021","9,115","9,110","9,115","9,110","0,83%"
"29.06.2021","9,040","9,195","9,195","9,040","-0,77%"
"28.06.2021","9,110","9,170","9,170","9,110","-0,92%"
"25.06.2021","9,195","9,170","9,195","9,170","0,27%"
"24.06.2021","9,170","9,275","9,275","9,170","-1,13%"
"23.06.2021","9,275","9,325","9,325","9,275","-0,54%"
"22.06.2021","9,325","9,325","9,325","9,325","0,00%"
"21.06.2021","9,325","9,505","9,505","9,325","3,04%"
"18.06.2021","9,050","9,235","9,235","9,050","3,08%"
"17.06.2021","8,780","9,155","9,235","8,780","-2,88%"
"16.06.2021","9,040","9,235","9,235","9,040","-1,63%"
"15.06.2021","9,190","9,235","9,235","9,190","-0,49%"
"14.06.2021","9,235","9,195","9,260","9,040","0,44%"
"11.06.2021","9,195","9,195","9,195","9,195","1,71%"
"10.06.2021","9,040","9,040","9,040","9,040","0,00%"
"09.06.2021","9,040","9,005","9,040","9,005","0,39%"
"08.06.2021","9,005","9,010","9,010","9,005","-0,06%"
"07.06.2021","9,010","8,930","9,010","8,930","0,90%"
"04.06.2021","8,930","9,025","9,025","8,930","-2,72%"
"02.06.2021","9,180","9,100","9,180","9,100","5,40%"
"01.06.2021","8,710","9,140","9,140","8,710","-0,68%"
"31.05.2021","8,770","9,110","9,170","8,770","-1,13%"
"28.05.2021","8,870","9,195","9,195","8,870","-3,53%"
"27.05.2021","9,195","9,345","9,345","9,195","-2,23%"
"26.05.2021","9,405","9,405","9,405","9,405","0,05%"
"25.05.2021","9,400","9,400","9,400","9,400","-1,00%"
"24.05.2021","9,495","9,455","9,495","9,455","0,42%"
"21.05.2021","9,455","9,480","9,480","9,455","-0,26%"
"20.05.2021","9,480","9,475","9,480","9,475","-0,73%"
"19.05.2021","9,550","9,475","9,550","9,475","0,79%"
"18.05.2021","9,475","9,380","9,475","9,380","1,01%"
"17.05.2021","9,380","9,435","9,435","9,380","-0,58%"
"14.05.2021","9,435","9,425","9,435","9,425","0,11%"
"13.05.2021","9,425","9,450","9,450","9,425","-0,26%"
"12.05.2021","9,450","9,255","9,450","9,255","2,11%"
"11.05.2021","9,255","9,295","9,295","9,255","-0,43%"
"10.05.2021","9,295","9,225","9,295","9,225","0,76%"
"07.05.2021","9,225","9,330","9,330","9,225","-1,13%"
"06.05.2021","9,330","9,260","9,330","9,260","0,76%"
"05.05.2021","9,260","9,345","9,345","9,260","-0,91%"
"04.05.2021","9,345","9,220","9,345","9,220","1,36%"
"03.05.2021","9,220","9,125","9,220","9,075","1,04%"
"30.04.2021","9,125","9,125","9,125","9,125","0,55%"
"29.04.2021","9,075","9,075","9,075","9,075","0,00%"
"28.04.2021","9,075","9,100","9,100","9,075","-0,27%"
"27.04.2021","9,100","9,145","9,145","9,100","-0,49%"
"26.04.2021","9,145","9,145","9,145","9,145","0,88%"
"23.04.2021","9,065","9,330","9,330","9,065","-2,84%"
"22.04.2021","9,330","9,330","9,330","9,330","0,00%"
"20.04.2021","9,330","9,300","9,390","9,300","1,80%"
"19.04.2021","9,165","9,300","9,300","9,165","0,49%"
"16.04.2021","9,120","9,540","9,540","9,120","0,22%"
"15.04.2021","9,100","9,590","9,590","9,100","-5,11%"
"14.04.2021","9,590","9,640","9,640","9,290","4,47%"
"13.04.2021","9,180","9,520","9,640","9,180","0,22%"
"12.04.2021","9,160","9,405","9,405","9,160","0,11%"
"09.04.2021","9,150","9,405","9,405","9,150","-0,22%"
"08.04.2021","9,170","9,405","9,405","9,170","-4,63%"
"07.04.2021","9,615","9,405","9,615","9,405","2,23%"
"06.04.2021","9,405","9,325","9,450","9,325","0,86%"
"05.04.2021","9,325","9,340","9,370","9,325","-0,16%"
"01.04.2021","9,340","9,320","9,400","9,320","5,06%"
"31.03.2021","8,890","9,255","9,255","8,890","0,11%"
"30.03.2021","8,880","9,360","9,360","8,880","-5,13%"
"29.03.2021","9,360","9,230","9,360","8,940","1,41%"
"26.03.2021","9,230","9,250","9,250","9,045","2,78%"
"25.03.2021","8,980","9,265","9,265","8,980","-3,08%"
"24.03.2021","9,265","9,045","9,265","9,045","7,98%"
"23.03.2021","8,580","8,850","8,850","8,580","-3,05%"
"22.03.2021","8,850","8,675","8,850","8,675","1,84%"
"19.03.2021","8,690","8,385","8,690","8,385","2,84%"
"18.03.2021","8,450","8,645","8,645","8,390","-1,97%"
"17.03.2021","8,620","8,645","8,660","8,620","0,47%"
"16.03.2021","8,580","8,645","8,645","8,500","-0,81%"
"15.03.2021","8,650","8,705","8,705","8,650","3,72%"
"12.03.2021","8,340","8,550","8,655","8,160","2,21%"
"11.03.2021","8,160","8,630","8,655","8,160","-1,57%"
"10.03.2021","8,290","8,280","8,655","8,280","0,12%"
"09.03.2021","8,280","8,280","8,280","8,280","2,86%"
"08.03.2021","8,050","8,050","8,050","8,050","-2,07%"
"05.03.2021","8,220","8,220","8,220","8,220","-3,69%"
"04.03.2021","8,535","8,535","8,535","8,535","-1,33%"
"03.03.2021","8,650","8,785","8,785","8,650","4,22%"
"01.03.2021","8,300","8,300","8,300","8,300","1,34%"
"26.02.2021","8,190","8,190","8,190","8,190","0,61%"
"25.02.2021","8,140","8,140","8,140","8,140","0,25%"
"24.02.2021","8,120","8,205","8,205","8,120","1,12%"
"23.02.2021","8,030","8,225","8,225","8,030","0,00%"
"22.02.2021","8,030","8,060","8,060","8,030","3,75%"
"19.02.2021","7,740","7,930","8,060","7,740","0,00%"
"18.02.2021","7,740","7,980","7,980","7,740","0,39%"
"17.02.2021","7,710","7,880","7,980","7,710","0,00%"
"12.02.2021","7,710","7,820","7,820","7,710","1,18%"
"11.02.2021","7,620","7,775","7,775","7,620","-1,99%"
"10.02.2021","7,775","7,630","7,775","7,630","1,90%"
"09.02.2021","7,630","7,665","7,665","7,630","1,73%"
"08.02.2021","7,500","7,500","7,500","7,500","0,00%"
"05.02.2021","7,500","7,720","7,720","7,500","1,21%"
"04.02.2021","7,410","7,410","7,410","7,410","1,23%"
"03.02.2021","7,320","7,320","7,535","7,320","-3,49%"
"02.02.2021","7,585","7,585","7,585","7,585","1,54%"
"01.02.2021","7,470","7,610","7,610","7,470","-1,45%"
"29.01.2021","7,580","7,755","7,755","7,580","-0,79%"
"28.01.2021","7,640","7,775","7,775","7,640","-1,04%"
"27.01.2021","7,720","7,855","7,855","7,720","-0,52%"
"26.01.2021","7,760","8,000","8,055","7,760","-3,29%"
"25.01.2021","8,024","8,024","8,024","8,024","-0,38%"
"22.01.2021","8,055","7,815","8,055","7,815","3,07%"
"21.01.2021","7,815","7,575","7,815","7,575","3,17%"
"20.01.2021","7,575","7,515","7,575","7,515","0,80%"
"19.01.2021","7,515","7,475","7,515","7,475","0,74%"
"18.01.2021","7,460","7,460","7,460","7,460","-0,67%"
"15.01.2021","7,510","7,510","7,510","7,510","-1,83%"
"14.01.2021","7,650","7,770","7,770","7,650","-0,52%"
"13.01.2021","7,690","7,750","7,750","7,681","0,26%"
"12.01.2021","7,670","7,780","7,780","7,561","0,39%"
"11.01.2021","7,640","7,640","7,640","7,640","3,24%"
"08.01.2021","7,400","7,400","7,570","7,400","1,79%"
"07.01.2021","7,270","7,270","7,270","7,270","3,27%"
"06.01.2021","7,040","7,040","7,040","7,040","2,92%"
"05.01.2021","6,840","7,030","7,030","6,840","-0,55%"
"04.01.2021","6,878","6,860","6,878","6,860","-0,32%"
"31.12.2020","6,900","6,900","6,900","6,900","0,00%"
"30.12.2020","6,900","6,980","6,980","6,900","-0,72%"
"29.12.2020","6,950","7,150","7,150","6,950","-2,59%"
"28.12.2020","7,135","7,160","7,160","7,115","0,55%"
"24.12.2020","7,096","7,096","7,096","7,096","0,08%"
"23.12.2020","7,090","7,140","7,170","7,090","-0,91%"
"22.12.2020","7,155","7,210","7,210","7,155","-0,21%"
"21.12.2020","7,170","7,420","7,420","7,170","-0,83%"
"18.12.2020","7,230","7,390","7,390","7,190","-0,69%"
"17.12.2020","7,280","7,330","7,340","7,270","0,07%"
"16.12.2020","7,275","7,340","7,390","7,260","0,21%"
"15.12.2020","7,260","7,400","7,400","7,250","-1,22%"
"14.12.2020","7,350","7,310","7,350","7,280","0,27%"
"11.12.2020","7,330","7,420","7,420","7,270","-1,08%"
"10.12.2020","7,410","7,450","7,480","7,370","-0,40%"
"09.12.2020","7,440","7,470","7,500","7,440","0,54%"
"08.12.2020","7,400","7,530","7,530","7,400","5,04%"
"07.12.2020","7,045","7,000","7,045","7,000","-0,21%"
"04.12.2020","7,060","7,000","7,140","7,000","-1,12%"
"03.12.2020","7,140","7,325","7,330","7,140","-2,19%"
"02.12.2020","7,300","7,415","7,415","7,300","-1,62%"
"01.12.2020","7,420","7,615","7,630","7,415","-2,62%"
"30.11.2020","7,620","7,565","7,620","7,565","0,66%"
"27.11.2020","7,570","7,665","7,665","7,570","-1,30%"
"26.11.2020","7,670","7,700","7,710","7,650","-0,65%"
"25.11.2020","7,720","7,760","7,760","7,710","-0,64%"
"24.11.2020","7,770","7,830","7,830","7,750","-1,15%"
"23.11.2020","7,860","7,775","7,890","7,775","0,90%"
"20.11.2020","7,790","7,665","7,790","7,665","1,70%"
"19.11.2020","7,660","7,645","7,700","7,645","0,86%"
"18.11.2020","7,595","7,455","7,650","7,455","1,81%"
"17.11.2020","7,460","7,480","7,480","7,455","-0,27%"
"16.11.2020","7,480","7,455","7,480","7,380","0,13%"
"13.11.2020","7,470","7,585","7,585","7,455","-1,84%"
"12.11.2020","7,610","7,510","7,610","7,460","1,20%"
"11.11.2020","7,520","7,230","7,520","7,230","3,94%"
"10.11.2020","7,235","7,140","7,240","7,140","1,05%"
"09.11.2020","7,160","7,260","7,260","7,110","-2,45%"
"06.11.2020","7,340","7,435","7,480","7,270","-2,00%"
"05.11.2020","7,490","7,525","7,525","7,460","-0,93%"
"04.11.2020","7,560","7,655","7,655","7,525","-1,69%"
"03.11.2020","7,690","7,595","7,690","7,500","1,05%"
"30.10.2020","7,610","7,525","7,610","7,525","1,60%"
"29.10.2020","7,490","7,495","7,540","7,470","0,13%"
"28.10.2020","7,480","7,540","7,630","7,480","-1,19%"
"27.10.2020","7,570","7,560","7,640","7,540","-0,26%"
"26.10.2020","7,590","7,615","7,615","7,560","-0,13%"
"23.10.2020","7,600","7,580","7,640","7,580","0,53%"
"22.10.2020","7,560","7,445","7,590","7,445","1,07%"
"21.10.2020","7,480","7,375","7,480","7,375","1,22%"
"20.10.2020","7,390","7,530","7,530","7,375","-1,60%"
"19.10.2020","7,510","7,665","7,680","7,510","-2,21%"
"16.10.2020","7,680","7,655","7,690","7,655","0,13%"
"15.10.2020","7,670","7,505","7,680","7,505","1,86%"
"14.10.2020","7,530","7,560","7,560","7,505","0,13%"
"13.10.2020","7,520","7,675","7,675","7,520","-2,21%"
"09.10.2020","7,690","7,710","7,710","7,670","-0,39%"
"08.10.2020","7,720","7,625","7,720","7,625","1,45%"
"07.10.2020","7,610","7,540","7,650","7,540","1,74%"
"06.10.2020","7,480","7,360","7,540","7,280","1,77%"
"05.10.2020","7,350","7,475","7,510","7,350","-1,74%"
"02.10.2020","7,480","7,380","7,480","7,330","0,13%"
"01.10.2020","7,470","7,360","7,470","7,360","1,77%"
"30.09.2020","7,340","7,495","7,495","7,340","-2,65%"
"29.09.2020","7,540","7,560","7,630","7,495","6,50%"
"28.09.2020","7,080","7,145","7,145","7,080","-0,56%"
"25.09.2020","7,120","7,150","7,170","7,090","-0,70%"
"24.09.2020","7,170","7,325","7,325","7,150","-1,65%"
"23.09.2020","7,290","7,215","7,370","7,215","0,55%"
"22.09.2020","7,250","7,315","7,315","7,215","-2,29%"
"21.09.2020","7,420","7,305","7,440","7,305","1,78%"
"18.09.2020","7,290","7,065","7,330","7,065","2,97%"
"17.09.2020","7,080","7,205","7,205","7,080","-1,67%"
"16.09.2020","7,200","7,085","7,205","7,085","1,98%"
"15.09.2020","7,060","7,020","7,110","7,020","0,57%"
"14.09.2020","7,020","7,070","7,070","6,975","-1,61%"
"11.09.2020","7,135","7,055","7,135","7,005","1,13%"
"10.09.2020","7,055","6,820","7,055","6,820","3,14%"
"09.09.2020","6,840","6,875","6,875","6,800","-0,58%"
"08.09.2020","6,880","6,725","6,880","6,725","2,08%"
"04.09.2020","6,740","6,805","6,805","6,710","-1,46%"
"03.09.2020","6,840","6,890","6,890","6,820","-0,73%"
"02.09.2020","6,890","6,820","6,890","6,820","1,03%"
"01.09.2020","6,820","6,905","6,905","6,810","-1,45%"
"31.08.2020","6,920","6,855","6,970","6,855","8,81%"
"28.08.2020","6,360","7,015","7,015","6,360","0,16%"
"27.08.2020","6,350","7,065","7,065","6,350","-10,18%"
"26.08.2020","7,070","6,860","7,070","6,860","2,76%"
"25.08.2020","6,880","6,840","6,880","6,840","0,51%"
"24.08.2020","6,845","6,920","6,920","6,840","-0,73%"
"22.08.2020","6,895","6,895","6,895","6,895","-0,36%"
"21.08.2020","6,920","6,950","6,950","6,920","-0,43%"
"20.08.2020","6,950","6,990","6,990","6,950","-0,57%"
"19.08.2020","6,990","6,855","6,990","6,855","1,97%"
"18.08.2020","6,855","7,160","7,160","6,855","-4,26%"
"17.08.2020","7,160","7,000","7,170","7,000","1,70%"
"14.08.2020","7,040","7,000","7,040","6,950","0,14%"
"13.08.2020","7,030","6,845","7,050","6,625","1,44%"
"12.08.2020","6,930","6,625","6,930","6,625","4,05%"
"11.08.2020","6,660","6,545","6,680","6,545","1,52%"
"10.08.2020","6,560","6,475","6,580","6,475","0,69%"
"07.08.2020","6,515","6,425","6,540","6,425","1,32%"
"06.08.2020","6,430","6,470","6,500","6,420","-0,77%"
"05.08.2020","6,480","6,370","6,480","6,370","1,57%"
"04.08.2020","6,380","6,285","6,400","6,285","1,43%"
"03.08.2020","6,290","6,285","6,370","6,285","-0,16%"
"31.07.2020","6,300","6,330","6,330","6,285","-0,79%"
"30.07.2020","6,350","6,510","6,520","6,350","-2,46%"
"29.07.2020","6,510","6,500","6,520","6,470","-0,69%"
"28.07.2020","6,555","6,485","6,555","6,485","1,00%"
"27.07.2020","6,490","6,555","6,555","6,465","-0,92%"
"24.07.2020","6,550","6,645","6,645","6,550","-1,43%"
"23.07.2020","6,645","6,545","6,645","6,545","5,14%"
"22.07.2020","6,320","6,445","6,445","6,320","0,16%"
"21.07.2020","6,310","6,310","6,310","6,310","0,96%"
"20.07.2020","6,250","6,365","6,365","6,250","-2,04%"
"17.07.2020","6,380","6,515","6,515","6,320","-2,07%"
"16.07.2020","6,515","6,485","6,525","6,430","0,46%"
"15.07.2020","6,485","6,495","6,495","6,485","-0,15%"
"14.07.2020","6,495","6,475","6,495","6,475","0,31%"
"13.07.2020","6,475","6,420","6,475","6,420","2,25%"
"11.07.2020","6,332","6,332","6,332","6,332","-1,36%"
"10.07.2020","6,420","6,420","6,420","6,420","0,00%"
"09.07.2020","6,420","6,525","6,525","6,420","-1,23%"
"08.07.2020","6,500","6,560","6,560","6,500","-0,91%"
"07.07.2020","6,560","6,430","6,560","6,430","2,66%"
"06.07.2020","6,390","6,485","6,485","6,390","-1,69%"
"03.07.2020","6,500","6,625","6,625","6,500","-1,96%"
"02.07.2020","6,630","6,605","6,630","6,605","0,30%"
"01.07.2020","6,610","6,715","6,715","6,605","-1,49%"
"30.06.2020","6,710","6,840","6,840","6,700","-1,03%"
"29.06.2020","6,780","6,910","6,910","6,780","-1,52%"
"27.06.2020","6,885","6,885","6,885","6,885","-0,08%"
"26.06.2020","6,890","6,855","6,890","6,855","0,51%"
"25.06.2020","6,855","7,005","7,005","6,855","-0,07%"
"24.06.2020","6,860","6,885","7,005","6,860","-0,72%"
"23.06.2020","6,910","7,000","7,000","6,910","0,00%"
"22.06.2020","6,910","6,851","7,015","6,851","0,73%"
"19.06.2020","6,860","6,860","6,860","6,850","-0,15%"
"18.06.2020","6,870","6,655","6,870","6,655","3,08%"
"17.06.2020","6,665","6,825","6,825","6,655","-2,13%"
"16.06.2020","6,810","6,685","6,825","6,660","1,64%"
"15.06.2020","6,700","6,670","6,740","6,670","0,45%"
"12.06.2020","6,670","6,620","6,670","6,610","0,00%"
"10.06.2020","6,670","6,760","6,760","6,630","-1,62%"
"09.06.2020","6,780","6,750","6,820","6,750","0,15%"
"08.06.2020","6,770","6,840","6,880","6,750","-0,73%"
"05.06.2020","6,820","6,805","6,840","6,805","0,29%"
"04.06.2020","6,800","6,700","6,800","6,700","1,49%"
"03.06.2020","6,700","6,800","6,800","6,700","-1,62%"
"02.06.2020","6,810","6,950","6,950","6,800","-2,30%"
"01.06.2020","6,970","6,960","7,000","6,950","0,14%"
"29.05.2020","6,960","7,090","7,090","6,960","-1,00%"
"28.05.2020","7,030","7,015","7,090","7,015","-0,14%"
"27.05.2020","7,040","7,060","7,135","7,040","0,00%"
"26.05.2020","7,040","7,095","7,095","6,975","-0,78%"
"25.05.2020","7,095","7,430","7,430","7,095","-4,12%"
"22.05.2020","7,400","7,560","7,560","7,400","-0,94%"
"21.05.2020","7,470","7,470","7,470","7,470","-3,24%"
"20.05.2020","7,720","7,760","7,760","7,690","-0,77%"
"19.05.2020","7,780","7,770","7,780","7,760","-0,51%"
"18.05.2020","7,820","7,980","7,980","7,815","-2,13%"
"15.05.2020","7,990","7,995","8,060","7,970","-1,72%"
"14.05.2020","8,130","8,125","8,270","8,030","-0,37%"
"13.05.2020","8,160","8,025","8,160","8,025","0,43%"
"12.05.2020","8,125","7,745","8,125","7,660","4,70%"
"11.05.2020","7,760","7,660","7,760","7,660","1,31%"
"08.05.2020","7,660","7,775","7,790","7,660","-1,54%"
"07.05.2020","7,780","7,525","7,780","7,525","1,43%"
"06.05.2020","7,670","7,635","7,790","7,530","0,39%"
"05.05.2020","7,640","7,570","7,640","7,440","-0,78%"
"04.05.2020","7,700","7,525","7,790","7,525","1,58%"
"30.04.2020","7,580","7,490","7,610","7,490","1,07%"
"29.04.2020","7,500","7,720","7,830","7,500","-2,85%"
"28.04.2020","7,720","8,485","8,485","7,670","-9,07%"
"27.04.2020","8,490","8,545","8,545","8,490","16,70%"
"24.04.2020","7,275","7,275","7,275","7,275","1,18%"
"23.04.2020","7,190","6,955","7,290","6,955","3,83%"
"22.04.2020","6,925","6,985","6,985","6,880","-0,43%"
"20.04.2020","6,955","7,010","7,090","6,955","-1,07%"
"17.04.2020","7,030","7,105","7,105","7,020","-0,99%"
"16.04.2020","7,100","7,315","7,315","7,100","-3,27%"
"15.04.2020","7,340","7,465","7,465","7,315","-1,74%"
"14.04.2020","7,470","7,615","7,615","7,470","-1,97%"
"13.04.2020","7,620","7,625","7,740","7,620","-0,26%"
"09.04.2020","7,640","7,780","7,780","7,640","-3,17%"
"08.04.2020","7,890","7,900","8,090","7,890","-1,00%"
"07.04.2020","7,970","7,995","7,995","7,800","0,82%"
"06.04.2020","7,905","8,175","8,175","7,880","-3,83%"
"03.04.2020","8,220","7,915","8,220","7,915","3,92%"
"02.04.2020","7,910","7,820","7,910","7,820","-0,63%"
"01.04.2020","7,960","7,690","7,960","7,690","4,05%"
"31.03.2020","7,650","7,765","7,765","7,650","-2,55%"
"30.03.2020","7,850","7,795","7,850","7,700","-0,13%"
"27.03.2020","7,860","7,865","8,090","7,780","-1,38%"
"26.03.2020","7,970","8,575","8,575","7,880","-6,24%"
"25.03.2020","8,500","9,435","9,435","8,500","-10,53%"
"24.03.2020","9,500","9,785","9,785","9,500","-3,46%"
"23.03.2020","9,840","9,155","9,840","9,155","8,01%"
"20.03.2020","9,110","9,055","9,330","8,950","-0,44%"
"19.03.2020","9,150","8,880","9,190","8,870","3,04%"
"18.03.2020","8,880","7,660","8,880","7,660","17,62%"
"17.03.2020","7,550","7,950","7,950","7,550","-9,25%"
"16.03.2020","8,320","8,010","8,850","7,980","3,87%"
"13.03.2020","8,010","9,030","9,030","8,010","-10,80%"
"12.03.2020","8,980","8,980","8,980","8,980","27,20%"
"11.03.2020","7,060","7,060","7,060","7,060","-0,98%"
"10.03.2020","7,130","7,165","7,165","7,130","6,18%"
"09.03.2020","6,715","6,715","6,715","6,715","-0,67%"
"06.03.2020","6,760","6,725","6,915","6,725","0,30%"
"05.03.2020","6,740","6,555","6,740","6,555","3,14%"
"04.03.2020","6,535","6,585","6,585","6,530","0,15%"
"03.03.2020","6,525","6,770","6,770","6,525","-0,68%"
"02.03.2020","6,570","6,770","6,770","6,570","-3,10%"
"28.02.2020","6,780","6,725","6,780","6,725","1,35%"
"27.02.2020","6,690","6,770","6,825","6,690","-0,74%"
"26.02.2020","6,740","6,615","6,740","6,615","2,59%"
"21.02.2020","6,570","6,545","6,600","6,545","-0,15%"
"20.02.2020","6,580","6,495","6,580","6,495","1,39%"
"19.02.2020","6,490","6,495","6,530","6,490","0,00%"
"18.02.2020","6,490","6,480","6,490","6,480","0,46%"
"17.02.2020","6,460","6,430","6,460","6,430","0,16%"
"14.02.2020","6,450","6,525","6,525","6,450","-1,45%"
"13.02.2020","6,545","6,485","6,565","6,485","0,61%"
"12.02.2020","6,505","6,500","6,505","6,490","0,23%"
"11.02.2020","6,490","6,565","6,565","6,490","-0,99%"
"10.02.2020","6,555","6,655","6,655","6,555","-0,83%"
"07.02.2020","6,610","6,565","6,655","6,560","1,69%"
"06.02.2020","6,500","6,480","6,565","6,480","-0,84%"
"05.02.2020","6,555","6,590","6,590","6,555","-0,46%"
"04.02.2020","6,585","6,630","6,630","6,560","-0,45%"
"03.02.2020","6,615","6,700","6,700","6,615","-1,27%"
"31.01.2020","6,700","6,695","6,700","6,670","-0,59%"
"30.01.2020","6,740","6,705","6,740","6,670","1,20%"
"29.01.2020","6,660","6,675","6,705","6,650","-0,82%"
"28.01.2020","6,715","6,715","6,715","6,675","-0,15%"
"27.01.2020","6,725","6,735","6,775","6,715","0,00%"
"24.01.2020","6,725","6,745","6,745","6,725","0,00%"
"23.01.2020","6,725","6,760","6,785","6,725","-0,37%"
"22.01.2020","6,750","6,800","6,800","6,750","-0,44%"
"21.01.2020","6,780","6,830","6,835","6,780","-0,80%"
"20.01.2020","6,835","6,800","6,835","6,800","-0,15%"
"17.01.2020","6,845","6,880","6,880","6,825","-0,36%"
"16.01.2020","6,870","6,780","6,870","6,780","1,48%"
"15.01.2020","6,770","6,815","6,815","6,760","-0,37%"
"14.01.2020","6,795","6,865","6,865","6,795","-1,09%"
"13.01.2020","6,870","6,780","6,870","6,780","1,48%"
"10.01.2020","6,770","6,755","6,780","6,755","-0,07%"
"09.01.2020","6,775","6,800","6,840","6,775","0,07%"
"08.01.2020","6,770","6,830","6,830","6,770","-0,73%"
"07.01.2020","6,820","6,825","6,880","6,820","-0,07%"
"06.01.2020","6,825","6,775","6,915","6,775","1,04%"
"03.01.2020","6,755","6,735","6,755","6,735","0,45%"
"02.01.2020","6,725","6,790","6,790","6,725","-0,49%"
"31.12.2019","6,758","6,758","6,758","6,758","-0,69%"
"30.12.2019","6,805","6,880","6,880","6,805","-1,31%"
"27.12.2019","6,895","6,890","6,915","6,890","0,66%"
"26.12.2019","6,850","6,970","6,970","6,850","-1,25%"
"24.12.2019","6,937","6,937","6,937","6,937","-0,47%"
"23.12.2019","6,970","7,050","7,050","6,970","-1,41%"
"20.12.2019","7,070","7,115","7,115","7,070","0,07%"
"19.12.2019","7,065","6,975","7,065","6,975","2,24%"
"18.12.2019","6,910","6,990","6,990","6,910","-0,86%"
"17.12.2019","6,970","6,885","6,990","6,885","1,38%"
"16.12.2019","6,875","6,800","6,875","6,780","1,55%"
"13.12.2019","6,770","6,770","6,770","6,750","0,15%"
"12.12.2019","6,760","6,780","6,780","6,750","-0,29%"
"11.12.2019","6,780","6,800","6,800","6,750","-0,44%"
"10.12.2019","6,810","6,790","6,840","6,790","0,44%"
"09.12.2019","6,780","6,775","6,790","6,755","-0,07%"
"06.12.2019","6,785","6,835","6,835","6,775","-0,44%"
"05.12.2019","6,815","6,810","6,830","6,810","-0,07%"
"04.12.2019","6,820","6,850","6,850","6,805","-0,51%"
"03.12.2019","6,855","6,890","6,890","6,855","-0,80%"
"02.12.2019","6,910","6,925","6,930","6,910","0,36%"
"29.11.2019","6,885","6,955","6,955","6,885","-0,86%"
"28.11.2019","6,945","7,000","7,075","6,945","-1,14%"
"27.11.2019","7,025","6,975","7,025","6,975","0,07%"
"26.11.2019","7,020","6,915","7,020","6,915","2,56%"
"25.11.2019","6,845","6,855","6,855","6,845","0,29%"
"22.11.2019","6,825","6,795","6,870","6,795","-0,66%"
"21.11.2019","6,870","6,525","6,870","6,525","1,57%"
"20.11.2019","6,764","6,764","6,764","6,764","-0,32%"
"19.11.2019","6,785","6,525","6,785","6,525","1,50%"
"18.11.2019","6,685","6,525","6,725","6,525","-0,07%"
"14.11.2019","6,690","6,525","6,735","6,525","-0,30%"
"13.11.2019","6,710","6,770","6,830","6,710","0,15%"
"12.11.2019","6,700","6,660","6,770","6,660","0,90%"
"11.11.2019","6,640","6,690","6,730","6,640","-0,52%"
"08.11.2019","6,675","6,680","6,730","6,580","0,53%"
"07.11.2019","6,640","6,530","6,640","6,430","2,31%"
"06.11.2019","6,490","6,490","6,510","6,360","0,93%"
"05.11.2019","6,430","6,450","6,450","6,370","0,70%"
"04.11.2019","6,385","6,330","6,390","6,330","-0,39%"
"01.11.2019","6,410","6,400","6,410","6,370","-0,47%"
"31.10.2019","6,440","6,440","6,440","6,440","-1,45%"
"30.10.2019","6,535","6,545","6,545","6,535","0,38%"
"29.10.2019","6,510","6,500","6,520","6,470","0,23%"
"28.10.2019","6,495","6,510","6,525","6,495","-0,84%"
"25.10.2019","6,550","6,590","6,590","6,540","-0,15%"
"24.10.2019","6,560","6,560","6,560","6,560","-0,15%"
"23.10.2019","6,570","6,590","6,590","6,570","-0,45%"
"22.10.2019","6,600","6,590","6,640","6,510","0,69%"
"21.10.2019","6,555","6,570","6,610","6,530","-0,23%"
"18.10.2019","6,570","6,630","6,630","6,530","0,00%"
"17.10.2019","6,570","6,690","6,690","6,530","-1,05%"
"16.10.2019","6,640","6,750","6,800","6,630","-1,63%"
"15.10.2019","6,750","6,690","6,770","6,620","1,05%"
"14.10.2019","6,680","6,670","6,680","6,640","-0,30%"
"11.10.2019","6,700","6,900","6,900","6,660","-1,90%"
"10.10.2019","6,830","6,940","6,940","6,830","-1,30%"
"09.10.2019","6,920","7,050","7,050","6,880","-1,00%"
"08.10.2019","6,990","7,040","7,040","6,980","-0,43%"
"07.10.2019","7,020","6,960","7,030","6,940","0,72%"
"04.10.2019","6,970","7,000","7,000","6,940","-0,14%"
"03.10.2019","6,980","7,110","7,110","6,970","-0,99%"
"02.10.2019","7,050","7,020","7,080","7,010","0,71%"
"01.10.2019","7,000","7,110","7,120","7,000","-0,64%"
"30.09.2019","7,045","7,030","7,060","7,020","-0,07%"
"27.09.2019","7,050","7,060","7,070","7,030","-0,14%"
"26.09.2019","7,060","7,090","7,090","7,050","-0,42%"
"25.09.2019","7,090","7,170","7,210","7,090","-0,98%"
"24.09.2019","7,160","7,100","7,190","7,080","0,49%"
"23.09.2019","7,125","7,090","7,125","7,080","0,78%"
"20.09.2019","7,070","7,170","7,180","7,060","-1,67%"
"19.09.2019","7,190","7,140","7,200","7,030","0,28%"
"18.09.2019","7,170","7,235","7,235","7,130","-0,21%"
"17.09.2019","7,185","7,295","7,325","7,175","-1,51%"
"16.09.2019","7,295","7,395","7,415","7,285","-1,62%"
"13.09.2019","7,415","7,360","7,435","7,290","1,44%"
"12.09.2019","7,310","7,330","7,360","7,250","-0,27%"
"11.09.2019","7,330","7,430","7,430","7,280","0,00%"
"10.09.2019","7,330","7,410","7,410","7,320","-0,27%"
"09.09.2019","7,350","7,335","7,375","7,295","0,34%"
"06.09.2019","7,325","7,355","7,355","7,275","0,14%"
"05.09.2019","7,315","7,365","7,375","7,245","0,27%"
"04.09.2019","7,295","7,350","7,350","7,260","-1,02%"
"03.09.2019","7,370","7,450","7,460","7,350","-0,94%"
"02.09.2019","7,440","7,430","7,490","7,410","0,00%"
"30.08.2019","7,440","7,590","7,590","7,410","-1,33%"
"29.08.2019","7,540","7,560","7,700","7,495","-0,66%"
"28.08.2019","7,590","7,500","7,600","7,460","2,29%"
"27.08.2019","7,420","7,365","7,610","7,285","0,47%"
"26.08.2019","7,385","7,270","7,435","7,230","1,72%"
"23.08.2019","7,260","7,280","7,300","7,170","0,62%"
"22.08.2019","7,215","7,180","7,230","7,180","-0,07%"
"21.08.2019","7,220","7,310","7,310","7,200","-1,23%"
"20.08.2019","7,310","7,230","7,410","7,210","0,41%"
"19.08.2019","7,280","7,180","7,300","7,160","1,39%"
"16.08.2019","7,180","7,305","7,305","7,180","-0,90%"
"15.08.2019","7,245","7,260","7,335","7,200","-0,14%"
"14.08.2019","7,255","7,215","7,270","7,185","0,69%"
"13.08.2019","7,205","7,245","7,245","7,145","0,00%"
"12.08.2019","7,205","7,245","7,365","7,195","0,56%"
"09.08.2019","7,165","7,175","7,215","7,155","0,28%"
"08.08.2019","7,145","7,210","7,210","7,130","-0,63%"
"07.08.2019","7,190","7,360","7,360","7,180","-1,03%"
"06.08.2019","7,265","7,390","7,390","7,250","-1,56%"
"05.08.2019","7,380","7,310","7,380","7,290","1,79%"
"02.08.2019","7,250","7,260","7,330","7,220","-0,41%"
"01.08.2019","7,280","7,230","7,300","7,100","0,41%"
"31.07.2019","7,250","7,270","7,280","7,160","0,55%"
"30.07.2019","7,210","7,220","7,300","7,195","-0,07%"
"29.07.2019","7,215","7,215","7,215","7,215","-0,21%"
"26.07.2019","7,230","7,260","7,280","7,220","-0,41%"
"25.07.2019","7,260","7,190","7,280","7,150","0,97%"
"24.07.2019","7,190","7,230","7,230","7,180","-0,55%"
"23.07.2019","7,230","7,345","7,350","7,210","-0,75%"
"22.07.2019","7,285","7,305","7,305","7,275","-0,55%"
"19.07.2019","7,325","7,360","7,360","7,260","0,62%"
"18.07.2019","7,280","7,330","7,330","7,260","-0,55%"
"17.07.2019","7,320","7,320","7,400","7,290","-0,27%"
"16.07.2019","7,340","7,260","7,340","7,220","1,10%"
"15.07.2019","7,260","7,270","7,280","7,210","-0,27%"
"12.07.2019","7,280","7,200","7,280","7,170","1,11%"
"11.07.2019","7,200","7,180","7,260","7,160","-0,28%"
"10.07.2019","7,220","7,250","7,260","7,190","-1,10%"
"08.07.2019","7,300","7,370","7,420","7,290","-1,35%"
"05.07.2019","7,400","7,310","7,400","7,310","1,37%"
"04.07.2019","7,300","7,320","7,350","7,250","-0,54%"
"03.07.2019","7,340","7,390","7,390","7,225","-0,14%"
"02.07.2019","7,350","7,390","7,420","7,230","0,55%"
"01.07.2019","7,310","7,420","7,420","7,300","-2,27%"
"28.06.2019","7,480","7,650","7,650","7,430","-1,45%"
"27.06.2019","7,590","7,670","7,670","7,580","-0,52%"
"26.06.2019","7,630","7,705","7,715","7,575","-1,10%"
"25.06.2019","7,715","7,740","7,740","7,615","0,33%"
"24.06.2019","7,690","7,720","7,730","7,650","0,13%"
"21.06.2019","7,680","7,945","7,945","7,670","-1,98%"
"19.06.2019","7,835","7,990","8,020","7,835","-1,69%"
"18.06.2019","7,970","7,950","7,970","7,860","0,25%"
"17.06.2019","7,950","7,950","7,980","7,880","0,51%"
"14.06.2019","7,910","7,930","8,000","7,860","0,38%"
"13.06.2019","7,880","7,980","8,000","7,880","-1,87%"
"12.06.2019","8,030","8,020","8,050","7,910","0,37%"
"11.06.2019","8,000","8,190","8,190","7,955","-2,20%"
"10.06.2019","8,180","8,150","8,190","8,090","0,00%"
"07.06.2019","8,180","8,260","8,270","8,120","-0,73%"
"06.06.2019","8,240","8,310","8,310","8,195","-0,72%"
"05.06.2019","8,300","8,180","8,320","8,150","0,97%"
"04.06.2019","8,220","8,300","8,320","8,165","-0,48%"
"03.06.2019","8,260","8,510","8,510","8,260","-2,48%"
"31.05.2019","8,470","8,490","8,540","8,425","0,36%"
"30.05.2019","8,440","8,510","8,580","8,430","-0,82%"
"29.05.2019","8,510","8,740","8,740","8,460","-1,62%"
"28.05.2019","8,650","8,840","8,840","8,640","-1,70%"
"27.05.2019","8,800","8,840","8,840","8,760","-0,79%"
"24.05.2019","8,870","8,830","8,880","8,780","0,45%"
"23.05.2019","8,830","8,940","8,940","8,815","-0,34%"
"22.05.2019","8,860","8,850","8,880","8,800","0,57%"
"21.05.2019","8,810","9,100","9,100","8,810","-2,22%"
"20.05.2019","9,010","9,150","9,150","8,990","-0,99%"
"17.05.2019","9,100","9,010","9,170","9,010","1,22%"
"16.05.2019","8,990","8,890","9,010","8,870","1,01%"
"15.05.2019","8,900","8,860","8,910","8,800","1,02%"
"14.05.2019","8,810","8,900","8,900","8,770","-1,01%"
"13.05.2019","8,900","8,850","8,900","8,805","1,25%"
"10.05.2019","8,790","8,800","8,810","8,740","-0,23%"
"09.05.2019","8,810","8,870","8,870","8,790","-0,23%"
"08.05.2019","8,830","8,900","8,900","8,780","-0,56%"
"07.05.2019","8,880","8,935","8,945","8,870","-0,28%"
"06.05.2019","8,905","8,945","8,955","8,870","0,11%"
"03.05.2019","8,895","9,035","9,065","8,895","-1,00%"
"02.05.2019","8,985","8,970","9,035","8,965","0,22%"
"30.04.2019","8,965","9,005","9,035","8,945","-0,44%"
"29.04.2019","9,005","8,965","9,045","8,950","0,39%"
"26.04.2019","8,970","8,990","9,040","8,955","-0,11%"
"25.04.2019","8,980","9,020","9,050","8,970","-0,77%"
"24.04.2019","9,050","8,890","9,050","8,840","1,91%"
"23.04.2019","8,880","8,960","8,960","8,860","-1,11%"
"22.04.2019","8,980","8,980","9,000","8,930","0,22%"
"18.04.2019","8,960","8,990","9,010","8,900","-0,55%"
"17.04.2019","9,010","8,970","9,050","8,920","0,33%"
"16.04.2019","8,980","8,950","9,000","8,920","0,79%"
"15.04.2019","8,910","8,990","9,000","8,890","-0,78%"
"12.04.2019","8,980","9,080","9,080","8,900","0,56%"
"11.04.2019","8,930","8,990","9,000","8,885","0,11%"
"10.04.2019","8,920","8,990","9,020","8,870","-0,78%"
"09.04.2019","8,990","9,030","9,050","8,990","0,11%"
"08.04.2019","8,980","8,930","9,010","8,920","0,45%"
"05.04.2019","8,940","8,950","8,950","8,870","0,11%"
"04.04.2019","8,930","9,050","9,060","8,910","-0,89%"
"03.04.2019","9,010","8,960","9,040","8,860","1,12%"
"02.04.2019","8,910","8,870","8,930","8,850","0,45%"
"01.04.2019","8,870","8,895","8,940","8,850","-1,28%"
"29.03.2019","8,985","8,940","9,005","8,830","0,73%"
"28.03.2019","8,920","9,370","9,430","8,900","-4,70%"
"27.03.2019","9,360","9,270","9,370","9,090","3,31%"
"26.03.2019","9,060","9,060","9,060","8,920","0,50%"
"25.03.2019","9,015","9,085","9,250","8,970","-1,37%"
"22.03.2019","9,140","8,910","9,140","8,900","4,34%"
"21.03.2019","8,760","8,770","8,930","8,680","0,46%"
"20.03.2019","8,720","8,850","8,850","8,680","-0,80%"
"19.03.2019","8,790","8,800","8,800","8,700","0,00%"
"18.03.2019","8,790","8,825","8,860","8,780","-0,45%"
"15.03.2019","8,830","8,910","8,920","8,780","-0,17%"
"14.03.2019","8,845","8,810","8,900","8,770","1,09%"
"13.03.2019","8,750","8,825","8,825","8,740","-0,74%"
"12.03.2019","8,815","9,055","9,065","8,795","-0,90%"
"11.03.2019","8,895","8,930","8,950","8,850","-1,39%"
"08.03.2019","9,020","9,080","9,080","8,980","-0,55%"
"07.03.2019","9,070","9,180","9,180","9,060","-0,55%"
"06.03.2019","9,120","9,050","9,200","9,050","0,33%"
"01.03.2019","9,090","9,040","9,130","9,010","0,78%"
"28.02.2019","9,020","9,010","9,050","8,980","0,56%"
"27.02.2019","8,970","9,020","9,020","8,940","-0,44%"
"26.02.2019","9,010","9,050","9,050","8,950","0,22%"
"25.02.2019","8,990","8,950","9,000","8,890","0,67%"
"22.02.2019","8,930","9,200","9,210","8,910","-0,78%"
"21.02.2019","9,000","8,970","9,020","8,945","0,33%"
"20.02.2019","8,970","8,795","9,000","8,750","1,82%"
"19.02.2019","8,810","8,910","8,930","8,770","-1,12%"
"18.02.2019","8,910","8,780","8,930","8,770","1,60%"
"15.02.2019","8,770","8,770","8,770","8,770","-0,34%"
"14.02.2019","8,800","8,950","9,010","8,770","-1,57%"
"13.02.2019","8,940","9,000","9,010","8,870","-0,22%"
"12.02.2019","8,960","9,080","9,080","8,960","-0,99%"
"11.02.2019","9,050","9,020","9,160","8,980","0,00%"
"08.02.2019","9,050","8,980","9,180","8,930","0,78%"
"07.02.2019","8,980","8,940","9,030","8,910","0,56%"
"06.02.2019","8,930","8,740","9,030","8,740","1,36%"
"05.02.2019","8,810","8,750","8,880","8,740","0,69%"
"04.02.2019","8,750","8,830","8,880","8,730","0,46%"
"01.02.2019","8,710","8,850","8,910","8,710","-1,80%"
"31.01.2019","8,870","9,050","9,050","8,800","-2,10%"
"30.01.2019","9,060","9,040","9,140","8,950","0,22%"
"29.01.2019","9,040","9,140","9,140","9,000","-0,99%"
"28.01.2019","9,130","9,070","9,180","9,070","0,66%"
"25.01.2019","9,070","9,070","9,070","9,070","-0,44%"
"24.01.2019","9,110","9,090","9,120","8,970","1,56%"
"23.01.2019","8,970","9,025","9,260","8,950","-1,75%"
"22.01.2019","9,130","9,060","9,150","8,980","1,00%"
"21.01.2019","9,040","9,090","9,160","9,030","-0,66%"
"18.01.2019","9,100","9,195","9,250","9,070","-1,19%"
"17.01.2019","9,210","9,230","9,250","9,210","-0,43%"
"16.01.2019","9,250","9,235","9,255","9,235","0,49%"
"15.01.2019","9,205","9,140","9,215","9,140","0,77%"
"14.01.2019","9,135","9,185","9,210","9,135","-0,92%"
"11.01.2019","9,220","9,195","9,250","9,195","0,11%"
"10.01.2019","9,210","9,125","9,220","9,110","1,26%"
"09.01.2019","9,095","9,145","9,145","9,065","-0,49%"
"08.01.2019","9,140","9,270","9,270","9,110","-0,44%"
"07.01.2019","9,180","9,150","9,430","9,060","0,66%"
"04.01.2019","9,120","9,190","9,290","9,050","-0,65%"
"03.01.2019","9,180","9,240","9,270","9,140","-0,76%"
"02.01.2019","9,250","9,240","9,360","9,120","0,11%"
"31.12.2018","9,240","9,240","9,240","9,240","-0,86%"
"28.12.2018","9,320","9,280","9,370","9,190","-0,21%"
"27.12.2018","9,340","9,400","9,410","9,230","-0,32%"
"26.12.2018","9,370","9,350","9,460","9,330","0,05%"
"24.12.2018","9,365","9,365","9,365","9,365","-1,00%"
"21.12.2018","9,460","9,450","9,530","9,320","0,11%"
"20.12.2018","9,450","9,595","9,595","9,430","-1,46%"
"19.12.2018","9,590","9,720","9,720","9,500","-1,54%"
"18.12.2018","9,740","9,700","9,810","9,570","0,83%"
"17.12.2018","9,660","9,665","9,730","9,650","-0,21%"
"14.12.2018","9,680","9,830","9,910","9,650","-1,53%"
"13.12.2018","9,830","9,980","10,100","9,800","-2,09%"
"12.12.2018","10,040","10,150","10,170","10,010","-1,08%"
"11.12.2018","10,150","10,120","10,230","10,080","-0,68%"
"10.12.2018","10,220","10,045","10,240","10,045","1,69%"
"07.12.2018","10,050","9,980","10,090","9,910","0,10%"
"06.12.2018","10,040","10,250","10,280","10,010","-0,89%"
"05.12.2018","10,130","10,130","10,250","10,070","0,40%"
"04.12.2018","10,090","10,050","10,190","9,970","0,90%"
"03.12.2018","10,000","9,895","10,020","9,800","0,70%"
"30.11.2018","9,930","9,990","10,070","9,905","-1,00%"
"29.11.2018","10,030","10,050","10,160","9,990","-0,79%"
"28.11.2018","10,110","10,130","10,170","10,000","-0,10%"
"27.11.2018","10,120","10,170","10,345","10,090","-0,78%"
"26.11.2018","10,200","9,875","10,210","9,860","3,13%"
"23.11.2018","9,890","10,030","10,059","9,870","-1,20%"
"22.11.2018","10,010","10,060","10,110","9,920","-0,79%"
"21.11.2018","10,090","10,155","10,240","10,000","-0,64%"
"20.11.2018","10,155","10,155","10,155","10,155","0,05%"
"19.11.2018","10,150","10,170","10,240","10,100","0,00%"
"16.11.2018","10,150","10,380","10,380","10,070","-2,87%"
"14.11.2018","10,450","10,600","10,600","10,390","-1,42%"
"13.11.2018","10,600","10,470","10,610","10,420","1,15%"
"12.11.2018","10,480","10,420","10,570","10,400","0,77%"
"09.11.2018","10,400","10,600","10,610","10,400","-0,95%"
"08.11.2018","10,500","10,330","10,570","10,250","2,14%"
"07.11.2018","10,280","10,220","10,400","10,150","-0,10%"
"06.11.2018","10,290","10,140","10,310","10,140","1,48%"
"05.11.2018","10,140","10,160","10,250","10,110","0,00%"
"01.11.2018","10,140","10,180","10,250","10,110","-0,98%"
"31.10.2018","10,240","10,160","10,270","10,090","0,79%"
"30.10.2018","10,160","10,380","10,380","10,110","-2,31%"
"29.10.2018","10,400","10,070","10,410","10,020","1,46%"
"26.10.2018","10,250","10,535","10,655","10,230","-2,71%"
"25.10.2018","10,535","10,420","10,575","10,420","0,24%"
"24.10.2018","10,510","10,320","10,510","10,290","2,34%"
"23.10.2018","10,270","10,205","10,360","10,180","0,59%"
"22.10.2018","10,210","10,370","10,370","10,120","-1,16%"
"19.10.2018","10,330","10,360","10,470","10,310","-1,43%"
"18.10.2018","10,480","10,320","10,530","10,220","2,14%"
"17.10.2018","10,260","10,385","10,510","10,030","-0,77%"
"16.10.2018","10,340","10,595","10,620","10,280","-2,64%"
"15.10.2018","10,620","10,860","10,860","10,550","-2,21%"
"11.10.2018","10,860","10,805","10,990","10,690","0,00%"
"10.10.2018","10,860","10,690","10,950","10,690","1,02%"
"09.10.2018","10,750","10,920","10,960","10,620","-1,19%"
"08.10.2018","10,880","11,360","11,360","10,810","-4,31%"
"05.10.2018","11,370","11,410","11,470","11,060","0,80%"
"04.10.2018","11,280","11,510","11,510","11,210","-0,88%"
"03.10.2018","11,380","11,290","11,430","11,115","-0,78%"
"02.10.2018","11,470","11,595","11,640","11,310","-0,35%"
"01.10.2018","11,510","11,670","11,725","11,475","-1,07%"
"28.09.2018","11,635","11,480","11,675","11,480","1,26%"
"27.09.2018","11,490","11,580","11,640","11,380","-1,03%"
"26.09.2018","11,610","11,800","11,800","11,560","-1,11%"
"25.09.2018","11,740","11,910","11,970","11,690","-0,17%"
"24.09.2018","11,760","11,920","11,920","11,630","0,51%"
"21.09.2018","11,700","11,840","11,890","11,660","-2,34%"
"20.09.2018","11,980","12,180","12,180","11,790","-0,75%"
"19.09.2018","12,070","12,340","12,350","12,020","-1,39%"
"18.09.2018","12,240","12,340","12,340","12,180","0,00%"
"17.09.2018","12,240","12,490","12,490","12,230","-0,73%"
"14.09.2018","12,330","12,345","12,345","12,325","-1,60%"
"13.09.2018","12,530","12,360","12,550","12,280","0,72%"
"12.09.2018","12,440","12,440","12,440","12,210","-0,40%"
"11.09.2018","12,490","12,460","12,620","12,260","1,88%"
"10.09.2018","12,260","12,230","12,510","12,180","0,49%"
"06.09.2018","12,200","12,520","12,520","12,130","-2,79%"
"05.09.2018","12,550","12,630","12,630","12,370","0,16%"
"04.09.2018","12,530","12,530","12,530","12,260","1,62%"
"03.09.2018","12,330","12,300","12,440","12,220","1,15%"
"31.08.2018","12,190","12,450","12,460","12,130","-1,22%"
"30.08.2018","12,340","12,060","12,490","12,050","2,41%"
"29.08.2018","12,050","12,040","12,140","11,970","0,08%"
"28.08.2018","12,040","12,030","12,080","11,890","0,92%"
"27.08.2018","11,930","12,010","12,030","11,850","-0,67%"
"24.08.2018","12,010","12,270","12,270","12,000","-1,40%"
"23.08.2018","12,180","12,190","12,330","11,990","1,25%"
"22.08.2018","12,030","12,380","12,400","11,980","-2,51%"
"21.08.2018","12,340","11,950","12,350","11,850","3,96%"
"20.08.2018","11,870","11,840","11,950","11,750","0,85%"
"17.08.2018","11,770","11,750","11,920","11,670","1,12%"
"16.08.2018","11,640","11,580","11,750","11,430","0,87%"
"15.08.2018","11,540","11,770","11,780","11,500","-0,60%"
"14.08.2018","11,610","11,650","11,690","11,540","-1,19%"
"13.08.2018","11,750","11,760","12,060","11,730","-0,09%"
"10.08.2018","11,760","11,500","11,830","11,500","2,44%"
"09.08.2018","11,480","11,400","11,480","11,315","1,32%"
"08.08.2018","11,330","11,180","11,330","11,120","1,71%"
"07.08.2018","11,140","11,020","11,230","10,960","1,00%"
"06.08.2018","11,030","10,950","11,035","10,950","-0,18%"
"03.08.2018","11,050","11,190","11,220","11,030","-1,52%"
"02.08.2018","11,220","11,200","11,290","11,170","0,18%"
"01.08.2018","11,200","11,180","11,200","11,040","0,99%"
"31.07.2018","11,090","10,980","11,120","10,970","0,64%"
"30.07.2018","11,020","10,980","11,020","10,945","0,36%"
"27.07.2018","10,980","11,010","11,040","10,880","-0,27%"
"26.07.2018","11,010","10,980","11,020","10,870","1,29%"
"25.07.2018","10,870","11,200","11,200","10,850","-1,36%"
"24.07.2018","11,020","11,120","11,120","10,900","0,00%"
"23.07.2018","11,020","10,930","11,185","10,900","0,64%"
"20.07.2018","10,950","11,070","11,240","10,890","-1,08%"
"19.07.2018","11,070","11,340","11,370","11,070","-2,12%"
"18.07.2018","11,310","11,380","11,380","11,240","-0,09%"
"17.07.2018","11,320","11,400","11,470","11,310","-0,70%"
"16.07.2018","11,400","11,350","11,470","11,240","0,44%"
"13.07.2018","11,350","11,460","11,460","11,250","-0,18%"
"12.07.2018","11,370","11,250","11,440","11,170","1,56%"
"11.07.2018","11,195","11,300","11,300","11,050","0,13%"
"10.07.2018","11,180","11,240","11,240","11,040","-0,53%"
"06.07.2018","11,240","11,420","11,520","11,220","-1,58%"
"05.07.2018","11,420","11,320","11,530","11,230","0,88%"
"04.07.2018","11,320","11,440","11,440","11,140","-0,70%"
"03.07.2018","11,400","11,340","11,440","11,100","0,62%"
"02.07.2018","11,330","11,640","11,640","11,290","-2,50%"
"29.06.2018","11,620","11,730","11,840","11,530","-1,11%"
"28.06.2018","11,750","11,815","11,840","11,620","-0,59%"
"27.06.2018","11,820","11,730","11,940","11,720","0,08%"
"26.06.2018","11,810","11,840","12,010","11,660","-0,25%"
"25.06.2018","11,840","12,000","12,020","11,820","-1,58%"
"22.06.2018","12,030","11,940","12,050","11,890","-0,66%"
"21.06.2018","12,110","11,770","12,110","11,720","2,89%"
"20.06.2018","11,770","11,740","11,880","11,520","0,26%"
"19.06.2018","11,740","12,140","12,150","11,670","-2,00%"
"18.06.2018","11,980","11,950","12,090","11,860","-0,91%"
"15.06.2018","12,090","12,105","12,200","11,900","-1,23%"
"14.06.2018","12,240","11,715","12,260","11,580","4,44%"
"13.06.2018","11,720","11,575","11,830","11,550","0,86%"
"12.06.2018","11,620","11,635","11,750","11,540","-0,26%"
"11.06.2018","11,650","11,595","11,730","11,370","0,00%"
"08.06.2018","11,650","11,955","12,350","11,560","-2,43%"
"07.06.2018","11,940","11,845","12,240","11,540","-2,77%"
"06.06.2018","12,280","12,120","12,120","11,890","6,55%"
"05.06.2018","11,525","11,405","11,525","11,405","2,49%"
"04.06.2018","11,245","11,235","11,330","11,235","-0,22%"
"01.06.2018","11,270","11,295","11,340","11,110","0,45%"
"30.05.2018","11,220","11,300","11,790","11,100","-0,36%"
"29.05.2018","11,260","11,030","11,300","10,910","2,09%"
"28.05.2018","11,030","10,865","11,030","10,855","0,68%"
"25.05.2018","10,955","10,770","10,955","10,620","2,48%"
"24.05.2018","10,690","10,480","10,770","10,480","0,66%"
"23.05.2018","10,620","10,690","10,760","10,490","0,57%"
"22.05.2018","10,560","10,370","10,560","10,360","1,34%"
"21.05.2018","10,420","10,390","10,770","10,390","0,24%"
"20.05.2018","10,395","10,395","10,395","10,395","0,00%"
"18.05.2018","10,395","10,100","10,710","10,100","2,72%"
"17.05.2018","10,120","10,110","10,300","9,900","0,70%"
"16.05.2018","10,050","10,065","10,165","10,020","0,05%"
"15.05.2018","10,045","10,235","10,235","9,980","0,40%"
"14.05.2018","10,005","9,955","10,125","9,895","0,60%"
"11.05.2018","9,945","9,880","9,960","9,800","0,96%"
"10.05.2018","9,850","10,095","10,160","9,840","-2,28%"
"09.05.2018","10,080","9,905","10,130","9,870","1,82%"
"08.05.2018","9,900","9,755","9,910","9,755","1,12%"
"07.05.2018","9,790","9,720","9,790","9,700","0,93%"
"04.05.2018","9,700","9,690","9,780","9,650","0,10%"
"03.05.2018","9,690","9,700","9,740","9,650","-0,31%"
"02.05.2018","9,720","9,650","9,740","9,640","0,52%"
"30.04.2018","9,670","9,600","9,680","9,600","0,62%"
"27.04.2018","9,610","9,795","9,795","9,585","-0,88%"
"26.04.2018","9,695","9,765","9,805","9,685","-1,17%"
"25.04.2018","9,810","9,755","9,910","9,755","0,41%"
"24.04.2018","9,770","9,815","9,815","9,705","0,57%"
"23.04.2018","9,715","9,585","9,715","9,585","0,99%"
"20.04.2018","9,620","9,575","9,680","9,560","0,31%"
"19.04.2018","9,590","9,590","9,620","9,550","0,10%"
"18.04.2018","9,580","9,740","9,740","9,555","-0,93%"
"17.04.2018","9,670","9,715","9,715","9,635","-0,62%"
"16.04.2018","9,730","9,720","9,820","9,670","0,26%"
"13.04.2018","9,705","9,625","9,730","9,600","0,57%"
"12.04.2018","9,650","9,720","9,720","9,560","0,21%"
"11.04.2018","9,630","9,750","9,760","9,605","-0,72%"
"10.04.2018","9,700","9,835","9,835","9,645","-0,36%"
"09.04.2018","9,735","9,670","9,745","9,625","1,09%"
"06.04.2018","9,630","9,555","9,730","9,555","0,52%"
"05.04.2018","9,580","9,620","9,620","9,450","-0,31%"
"04.04.2018","9,610","9,560","9,760","9,560","0,21%"
"03.04.2018","9,590","9,510","9,600","9,460","0,84%"
"02.04.2018","9,510","9,465","9,550","9,465","0,58%"
"29.03.2018","9,455","9,530","9,620","9,455","-0,79%"
"28.03.2018","9,530","9,520","9,620","9,480","0,11%"
"27.03.2018","9,520","9,460","9,570","9,400","0,32%"
"26.03.2018","9,490","9,500","9,540","9,440","-0,52%"
"23.03.2018","9,540","9,460","9,560","9,400","0,85%"
"22.03.2018","9,460","9,445","9,460","9,340","-0,32%"
"21.03.2018","9,490","9,525","9,600","9,450","-0,52%"
"20.03.2018","9,540","9,475","9,540","9,455","0,58%"
"19.03.2018","9,485","9,445","9,485","9,415","0,42%"
"16.03.2018","9,445","9,495","9,515","9,415","-0,53%"
"15.03.2018","9,495","9,490","9,540","9,460","0,05%"
"14.03.2018","9,490","9,560","9,560","9,445","0,00%"
"13.03.2018","9,490","9,585","9,615","9,475","-0,99%"
"12.03.2018","9,585","9,595","9,615","9,535","-0,21%"
"09.03.2018","9,605","9,555","9,615","9,525","0,26%"
"08.03.2018","9,580","9,550","9,610","9,550","0,31%"
"07.03.2018","9,550","9,490","9,590","9,490","0,63%"
"06.03.2018","9,490","9,460","9,550","9,440","0,21%"
"05.03.2018","9,470","9,790","9,790","9,455","-1,04%"
"02.03.2018","9,570","9,590","9,650","9,550","-0,52%"
"01.03.2018","9,620","9,600","9,670","9,580","0,00%"
"28.02.2018","9,620","9,625","9,720","9,570","-0,31%"
"27.02.2018","9,650","9,605","9,660","9,540","0,52%"
"26.02.2018","9,600","9,735","9,850","9,590","-1,54%"
"23.02.2018","9,750","9,805","9,830","9,610","-0,81%"
"22.02.2018","9,830","9,930","9,940","9,810","-0,51%"
"21.02.2018","9,880","9,840","9,900","9,825","0,41%"
"20.02.2018","9,840","9,910","9,910","9,840","-0,20%"
"19.02.2018","9,860","9,850","9,910","9,820","0,10%"
"18.02.2018","9,850","9,850","9,850","9,850","0,00%"
"16.02.2018","9,850","9,940","9,940","9,830","-0,51%"
"15.02.2018","9,900","9,910","9,940","9,850","-0,10%"
"14.02.2018","9,910","9,975","9,975","9,870","-0,45%"
"12.02.2018","9,955","9,955","9,955","9,955","0,00%"
"09.02.2018","9,955","9,850","9,995","9,825","0,91%"
"08.02.2018","9,865","9,800","10,077","9,740","0,97%"
"07.02.2018","9,770","9,800","9,830","9,730","-0,20%"
"06.02.2018","9,790","9,950","9,990","9,790","-0,81%"
"05.02.2018","9,870","9,960","9,960","9,810","0,41%"
"02.02.2018","9,830","9,845","9,855","9,730","1,44%"
"01.02.2018","9,690","9,765","9,785","9,645","-0,31%"
"31.01.2018","9,720","9,790","9,790","9,690","-0,72%"
"30.01.2018","9,790","9,850","9,850","9,750","0,10%"
"29.01.2018","9,780","9,800","9,810","9,740","0,72%"
"26.01.2018","9,710","9,730","9,780","9,640","-1,37%"
"25.01.2018","9,845","9,740","9,845","9,740","1,08%"
"24.01.2018","9,740","10,070","10,070","9,730","-2,79%"
"23.01.2018","10,020","9,960","10,040","9,910","1,01%"
"22.01.2018","9,920","9,880","9,940","9,870","0,20%"
"19.01.2018","9,900","9,875","9,910","9,810","0,61%"
"18.01.2018","9,840","9,970","9,970","9,840","-0,81%"
"17.01.2018","9,920","9,895","9,970","9,870","0,00%"
"16.01.2018","9,920","9,890","9,990","9,880","0,00%"
"15.01.2018","9,920","9,890","9,930","9,810","0,71%"
"12.01.2018","9,850","9,925","9,970","9,810","-0,71%"
"11.01.2018","9,920","10,010","10,030","9,910","-0,70%"
"10.01.2018","9,990","10,070","10,110","9,990","-0,40%"
"09.01.2018","10,030","10,045","10,055","9,995","0,15%"
"08.01.2018","10,015","10,065","10,065","10,015","-0,69%"
"05.01.2018","10,085","10,085","10,115","10,035","0,40%"
"04.01.2018","10,045","10,080","10,080","10,015","0,05%"
"03.01.2018","10,040","10,120","10,120","10,010","-0,40%"
"02.01.2018","10,080","10,290","10,320","10,070","-1,27%"
"29.12.2017","10,210","10,270","10,270","10,210","-0,58%"
"28.12.2017","10,270","10,390","10,390","10,220","-0,96%"
"27.12.2017","10,370","10,300","10,380","10,210","0,78%"
"26.12.2017","10,290","10,450","10,460","10,280","-0,96%"
"22.12.2017","10,390","10,360","10,410","10,340","0,10%"
"21.12.2017","10,380","10,525","10,525","10,350","-1,00%"
"20.12.2017","10,485","10,590","10,610","10,465","-0,80%"
"19.12.2017","10,570","10,500","10,660","10,480","0,48%"
"18.12.2017","10,520","10,345","10,530","10,315","1,11%"
"16.12.2017","10,405","10,405","10,405","10,405","0,00%"
"15.12.2017","10,405","10,345","10,405","10,320","0,53%"
"14.12.2017","10,350","10,360","10,380","10,280","0,83%"
"13.12.2017","10,265","10,250","10,285","10,225","-0,73%"
"12.12.2017","10,340","10,330","10,420","10,260","0,58%"
"11.12.2017","10,280","10,170","10,290","10,140","0,78%"
"08.12.2017","10,200","10,250","10,250","10,145","-0,49%"
"07.12.2017","10,250","10,160","10,380","10,160","1,08%"
"06.12.2017","10,140","10,300","10,300","10,140","-1,27%"
"05.12.2017","10,270","10,310","10,310","10,150","0,10%"
"04.12.2017","10,260","10,375","10,375","10,250","-0,87%"
"01.12.2017","10,350","10,450","10,450","10,310","-0,38%"
"30.11.2017","10,390","10,310","10,420","10,260","0,78%"
"29.11.2017","10,310","10,200","10,320","10,090","1,68%"
"28.11.2017","10,140","10,220","10,220","10,090","-0,29%"
"27.11.2017","10,170","10,210","10,240","10,085","-0,10%"
"24.11.2017","10,180","10,140","10,220","10,100","0,89%"
"23.11.2017","10,090","10,115","10,200","10,050","-0,20%"
"22.11.2017","10,110","10,080","10,190","10,075","-0,10%"
"21.11.2017","10,120","10,225","10,225","10,060","-0,49%"
"20.11.2017","10,170","10,170","10,170","10,170","-0,05%"
"17.11.2017","10,175","10,315","10,515","10,155","-1,21%"
"16.11.2017","10,300","10,495","10,675","10,290","-1,76%"
"15.11.2017","10,485","10,485","10,485","10,485","-0,19%"
"14.11.2017","10,505","10,345","10,515","10,235","2,14%"
"13.11.2017","10,285","10,300","10,390","10,200","0,64%"
"10.11.2017","10,220","10,075","10,270","10,050","1,39%"
"09.11.2017","10,080","10,080","10,130","10,010","0,40%"
"08.11.2017","10,040","10,095","10,120","10,010","-0,59%"
"07.11.2017","10,100","10,035","10,160","10,010","0,50%"
"06.11.2017","10,050","10,185","10,185","10,010","-1,33%"
"03.11.2017","10,185","9,995","10,190","9,995","2,36%"
"01.11.2017","9,950","9,880","9,950","9,880","0,51%"
"31.10.2017","9,900","9,870","10,070","9,805","0,20%"
"30.10.2017","9,880","9,760","9,890","9,760","1,44%"
"29.10.2017","9,740","9,740","9,740","9,740","0,00%"
"27.10.2017","9,740","9,910","9,990","9,740","-0,66%"
"26.10.2017","9,805","9,660","9,860","9,650","1,76%"
"25.10.2017","9,635","9,750","9,750","9,630","-0,67%"
"24.10.2017","9,700","9,730","9,760","9,650","-0,10%"
"23.10.2017","9,710","9,665","9,710","9,615","0,78%"
"22.10.2017","9,635","9,635","9,635","9,635","0,00%"
"20.10.2017","9,635","9,670","9,680","9,590","0,05%"
"19.10.2017","9,630","9,760","9,760","9,630","-0,82%"
"18.10.2017","9,710","9,785","9,785","9,705","-0,21%"
"17.10.2017","9,730","9,870","9,900","9,730","-1,12%"
"16.10.2017","9,840","9,830","9,870","9,790","0,20%"
"13.10.2017","9,820","9,890","9,890","9,760","-0,10%"
"11.10.2017","9,830","9,750","9,830","9,730","0,82%"
"10.10.2017","9,750","9,850","9,850","9,720","-0,61%"
"09.10.2017","9,810","9,820","9,860","9,730","0,72%"
"06.10.2017","9,740","9,895","10,000","9,720","-1,81%"
"05.10.2017","9,920","9,760","9,930","9,760","1,64%"
"04.10.2017","9,760","9,775","9,795","9,720","-0,36%"
"03.10.2017","9,795","9,695","9,805","9,675","0,62%"
"02.10.2017","9,735","9,795","9,875","9,685","-0,10%"
"29.09.2017","9,745","9,845","9,845","9,680","-0,41%"
"28.09.2017","9,785","9,870","9,885","9,735","-0,41%"
"27.09.2017","9,825","9,730","9,850","9,730","1,03%"
"26.09.2017","9,725","9,850","9,850","9,710","-0,46%"
"25.09.2017","9,770","9,645","9,810","9,645","1,14%"
"22.09.2017","9,660","9,630","9,710","9,620","0,31%"
"21.09.2017","9,630","9,880","9,880","9,630","-0,72%"
"20.09.2017","9,700","9,740","9,810","9,670","-0,36%"
"19.09.2017","9,735","9,830","9,830","9,720","-0,56%"
"18.09.2017","9,790","9,840","9,840","9,765","-0,31%"
"15.09.2017","9,820","9,780","9,840","9,760","0,00%"
"14.09.2017","9,820","10,020","10,030","9,770","-1,01%"
"13.09.2017","9,920","9,870","9,930","9,800","0,51%"
"12.09.2017","9,870","9,815","9,970","9,790","0,61%"
"11.09.2017","9,810","9,710","9,840","9,680","0,72%"
"08.09.2017","9,740","9,810","9,810","9,650","-0,71%"
"06.09.2017","9,810","9,890","9,910","9,780","-0,91%"
"05.09.2017","9,900","9,990","9,990","9,870","-0,85%"
"04.09.2017","9,985","10,025","10,035","9,980","-0,25%"
"01.09.2017","10,010","9,975","10,040","9,950","0,55%"
"31.08.2017","9,955","10,080","10,080","9,925","-1,48%"
"30.08.2017","10,105","10,070","10,105","10,035","0,10%"
"29.08.2017","10,095","10,060","10,260","10,050","-0,35%"
"28.08.2017","10,130","10,090","10,130","10,050","-0,20%"
"25.08.2017","10,150","10,150","10,150","10,040","0,59%"
"24.08.2017","10,090","10,210","10,400","10,040","-0,59%"
"23.08.2017","10,150","10,090","10,160","10,070","0,00%"
"22.08.2017","10,150","10,195","10,210","10,105","-0,64%"
"21.08.2017","10,215","10,105","10,245","10,055","0,89%"
"18.08.2017","10,125","10,260","10,270","10,085","-0,93%"
"17.08.2017","10,220","10,170","10,250","10,110","1,09%"
"16.08.2017","10,110","10,050","10,110","9,990","0,80%"
"15.08.2017","10,030","10,060","10,100","10,020","-0,30%"
"14.08.2017","10,060","10,200","10,200","10,020","-1,08%"
"11.08.2017","10,170","10,200","10,230","9,990","0,49%"
"10.08.2017","10,120","10,050","10,130","10,050","0,80%"
"09.08.2017","10,040","10,035","10,050","9,935","0,75%"
"08.08.2017","9,965","9,965","10,045","9,845","0,50%"
"07.08.2017","9,915","9,810","9,915","9,790","0,56%"
"06.08.2017","9,860","9,860","9,860","9,860","0,00%"
"04.08.2017","9,860","9,870","9,880","9,760","0,00%"
"03.08.2017","9,860","9,970","9,970","9,800","-0,20%"
"02.08.2017","9,880","10,115","10,125","9,880","-1,45%"
"01.08.2017","10,025","10,005","10,025","9,945","0,10%"
"31.07.2017","10,015","10,135","10,135","9,935","-0,30%"
"28.07.2017","10,045","10,045","10,055","9,955","0,40%"
"27.07.2017","10,005","10,005","10,025","9,875","-0,99%"
"26.07.2017","10,105","10,125","10,135","10,075","-0,59%"
"25.07.2017","10,165","10,145","10,165","10,035","0,99%"
"24.07.2017","10,065","10,110","10,110","10,000","0,15%"
"21.07.2017","10,050","10,165","10,165","9,945","-0,84%"
"20.07.2017","10,135","10,080","10,135","10,030","0,45%"
"19.07.2017","10,090","10,190","10,220","10,035","-0,59%"
"18.07.2017","10,150","10,280","10,280","10,130","-0,68%"
"17.07.2017","10,220","10,315","10,315","10,180","-1,02%"
"16.07.2017","10,325","10,325","10,325","10,325","0,00%"
"14.07.2017","10,325","10,380","10,400","10,205","-0,91%"
"13.07.2017","10,420","10,305","10,420","10,290","1,12%"
"12.07.2017","10,305","10,495","10,540","10,300","-2,09%"
"11.07.2017","10,525","10,590","10,590","10,460","-0,05%"
"10.07.2017","10,530","10,560","10,580","10,490","-0,94%"
"07.07.2017","10,630","10,500","10,630","10,465","1,24%"
"06.07.2017","10,500","10,500","10,500","10,500","-0,14%"
"05.07.2017","10,515","10,670","10,680","10,490","-0,33%"
"04.07.2017","10,550","10,700","10,700","10,450","0,48%"
"03.07.2017","10,500","10,490","10,540","10,440","-0,28%"
"02.07.2017","10,530","10,530","10,530","10,530","0,00%"
"01.07.2017","10,530","10,530","10,530","10,530","0,00%"
"30.06.2017","10,530","10,620","10,800","10,520","-1,50%"
"29.06.2017","10,690","10,620","10,710","10,480","0,66%"
"28.06.2017","10,620","10,840","10,840","10,610","-1,39%"
"27.06.2017","10,770","10,810","10,840","10,660","0,84%"
"26.06.2017","10,680","10,700","10,700","10,600","-1,48%"
"25.06.2017","10,840","10,840","10,840","10,840","0,00%"
"23.06.2017","10,840","10,810","10,840","10,655","1,07%"
"22.06.2017","10,725","10,625","10,735","10,570","0,94%"
"21.06.2017","10,625","10,625","10,625","10,625","0,62%"
"20.06.2017","10,560","10,465","10,645","10,375","1,78%"
"19.06.2017","10,375","10,520","10,570","10,355","-1,28%"
"16.06.2017","10,510","10,740","10,740","10,470","-1,27%"
"14.06.2017","10,645","10,780","10,780","10,590","-1,25%"
"13.06.2017","10,780","10,730","10,780","10,630","0,47%"
"12.06.2017","10,730","10,750","10,770","10,690","-1,56%"
"09.06.2017","10,900","10,790","10,930","10,730","-0,27%"
"08.06.2017","10,930","10,900","10,960","10,840","0,92%"
"07.06.2017","10,830","10,750","10,960","10,740","0,28%"
"06.06.2017","10,800","10,910","10,920","10,780","-1,46%"
"05.06.2017","10,960","10,950","11,030","10,840","0,74%"
"02.06.2017","10,880","10,940","10,940","10,705","0,83%"
"01.06.2017","10,790","10,730","10,820","10,660","0,47%"
"31.05.2017","10,740","10,870","10,880","10,710","-1,83%"
"30.05.2017","10,940","10,920","10,940","10,750","1,30%"
"29.05.2017","10,800","10,960","11,090","10,780","-1,05%"
"26.05.2017","10,915","10,890","10,950","10,720","-0,14%"
"25.05.2017","10,930","10,915","11,150","10,860","-4,96%"
"24.05.2017","11,500","11,500","11,500","11,500","0,97%"
"23.05.2017","11,390","11,920","12,000","11,270","-3,31%"
"22.05.2017","11,780","11,640","12,010","11,580","2,08%"
"19.05.2017","11,540","11,990","12,020","11,370","-1,62%"
"18.05.2017","11,730","10,060","11,730","10,060","17,07%"
"17.05.2017","10,020","9,960","10,030","9,895","-0,74%"
"16.05.2017","10,095","10,080","10,095","9,890","0,45%"
"15.05.2017","10,050","10,070","10,120","10,040","-0,30%"
"12.05.2017","10,080","10,170","10,170","10,060","-0,20%"
"11.05.2017","10,100","10,190","10,190","10,090","-0,69%"
"10.05.2017","10,170","10,165","10,250","10,115","0,05%"
"09.05.2017","10,165","10,200","10,250","10,160","-0,34%"
"08.05.2017","10,200","10,230","10,270","10,170","-0,68%"
"07.05.2017","10,270","10,270","10,270","10,270","0,00%"
"05.05.2017","10,270","10,320","10,320","10,180","-0,10%"
"04.05.2017","10,280","10,290","10,340","10,240","-0,10%"
"03.05.2017","10,290","10,295","10,305","10,140","0,64%"
"02.05.2017","10,225","10,335","10,365","10,185","-0,87%"
"28.04.2017","10,315","10,460","10,460","10,280","-0,82%"
"27.04.2017","10,400","10,310","10,400","10,260","-0,38%"
"26.04.2017","10,440","10,400","10,440","10,320","0,87%"
"25.04.2017","10,350","10,200","10,410","10,200","1,97%"
"24.04.2017","10,150","10,135","10,150","10,075","-0,25%"
"22.04.2017","10,175","10,175","10,175","10,175","0,00%"
"20.04.2017","10,175","10,265","10,265","10,095","-0,39%"
"19.04.2017","10,215","10,160","10,215","10,070","1,24%"
"18.04.2017","10,090","10,120","10,130","10,030","-0,20%"
"17.04.2017","10,110","10,120","10,180","10,090","-0,79%"
"13.04.2017","10,190","10,120","10,190","10,050","1,29%"
"12.04.2017","10,060","10,100","10,100","9,990","0,20%"
"11.04.2017","10,040","9,980","10,050","9,900","0,90%"
"10.04.2017","9,950","10,000","10,030","9,940","-1,29%"
"07.04.2017","10,080","10,090","10,130","9,980","-0,49%"
"06.04.2017","10,130","10,100","10,200","10,010","0,70%"
"05.04.2017","10,060","9,930","10,070","9,870","1,31%"
"04.04.2017","9,930","10,150","10,150","9,910","-0,70%"
"03.04.2017","10,000","10,110","10,110","9,990","-1,09%"
"31.03.2017","10,110","10,110","10,130","10,040","0,45%"
"30.03.2017","10,065","10,130","10,150","10,040","-0,54%"
"29.03.2017","10,120","10,200","10,200","10,080","-1,08%"
"28.03.2017","10,230","10,120","10,230","10,070","1,29%"
"27.03.2017","10,100","10,100","10,160","10,050","-0,59%"
"26.03.2017","10,160","10,160","10,160","10,160","0,00%"
"24.03.2017","10,160","10,230","10,270","10,075","-0,83%"
"23.03.2017","10,245","10,315","10,385","10,220","-0,77%"
"22.03.2017","10,325","10,295","10,325","10,210","1,08%"
"21.03.2017","10,215","10,325","10,325","10,165","-0,58%"
"20.03.2017","10,275","10,260","10,300","10,215","0,05%"
"18.03.2017","10,270","10,270","10,270","10,270","0,00%"
"17.03.2017","10,270","10,310","10,320","10,170","0,20%"
"16.03.2017","10,250","10,290","10,320","10,190","-0,34%"
"15.03.2017","10,285","10,405","10,435","10,185","-0,96%"
"14.03.2017","10,385","10,275","10,385","10,225","1,56%"
"13.03.2017","10,225","10,200","10,245","10,175","-0,54%"
"10.03.2017","10,280","10,380","10,380","10,230","-1,72%"
"09.03.2017","10,460","10,465","10,485","10,365","0,34%"
"08.03.2017","10,425","10,495","10,515","10,265","1,26%"
"07.03.2017","10,295","10,225","10,325","10,205","0,39%"
"06.03.2017","10,255","10,320","10,320","10,180","0,15%"
"03.03.2017","10,240","10,420","10,420","10,230","-1,54%"
"02.03.2017","10,400","10,230","10,400","10,170","1,86%"
"01.03.2017","10,210","10,310","10,310","10,200","-0,39%"
"24.02.2017","10,250","10,420","10,450","10,210","0,69%"
"23.02.2017","10,180","10,220","10,260","10,140","-1,07%"
"22.02.2017","10,290","10,420","10,420","10,260","-0,29%"
"21.02.2017","10,320","10,400","10,410","10,290","-0,86%"
"20.02.2017","10,410","10,410","10,410","10,370","-0,19%"
"17.02.2017","10,430","10,560","10,560","10,380","-0,29%"
"16.02.2017","10,460","10,470","10,500","10,340","0,97%"
"15.02.2017","10,360","10,410","10,430","10,325","-0,19%"
"14.02.2017","10,380","10,430","10,540","10,330","0,19%"
"13.02.2017","10,360","10,325","10,390","10,315","0,14%"
"10.02.2017","10,345","10,400","10,420","10,320","-0,43%"
"09.02.2017","10,390","10,390","10,440","10,350","-0,19%"
"08.02.2017","10,410","10,690","10,690","10,370","-0,62%"
"07.02.2017","10,475","10,585","10,785","10,465","-0,95%"
"06.02.2017","10,575","10,660","10,660","10,520","-0,33%"
"03.02.2017","10,610","10,910","10,910","10,570","-1,12%"
"02.02.2017","10,730","10,865","10,865","10,700","-1,33%"
"01.02.2017","10,875","11,105","11,105","10,875","-0,55%"
"31.01.2017","10,935","11,035","11,035","10,835","0,55%"
"30.01.2017","10,875","10,870","10,920","10,830","0,60%"
"27.01.2017","10,810","11,110","11,110","10,780","-1,55%"
"26.01.2017","10,980","10,910","11,010","10,810","0,73%"
"25.01.2017","10,900","10,830","10,900","10,830","0,65%"
"24.01.2017","10,830","10,890","10,910","10,790","-0,28%"
"23.01.2017","10,860","10,905","10,920","10,840","-0,87%"
"20.01.2017","10,955","11,010","11,010","10,900","-0,50%"
"19.01.2017","11,010","11,060","11,060","10,940","-0,72%"
"18.01.2017","11,090","11,180","11,180","10,995","0,54%"
"17.01.2017","11,030","11,000","11,080","10,910","0,09%"
"16.01.2017","11,020","11,060","11,060","11,000","-0,45%"
"13.01.2017","11,070","11,200","11,200","10,950","-0,09%"
"12.01.2017","11,080","11,290","11,290","10,990","-1,77%"
"11.01.2017","11,280","11,420","11,440","11,200","0,53%"
"10.01.2017","11,220","11,510","11,510","11,195","-0,88%"
"09.01.2017","11,320","11,390","11,410","11,320","-0,70%"
"06.01.2017","11,400","11,620","11,640","11,340","-0,26%"
"05.01.2017","11,430","11,640","11,720","11,310","0,00%"
"04.01.2017","11,430","11,310","11,460","11,210","1,24%"
"03.01.2017","11,290","11,330","11,330","11,230","0,36%"
"02.01.2017","11,250","11,630","11,630","11,240","-1,49%"
"30.12.2016","11,420","11,420","11,420","11,420","0,00%"
"29.12.2016","11,420","11,460","11,500","11,410","-0,35%"
"28.12.2016","11,460","11,725","11,725","11,425","-0,13%"
"27.12.2016","11,475","11,515","11,515","11,415","0,35%"
"26.12.2016","11,435","11,650","11,650","11,405","-0,48%"
"23.12.2016","11,490","11,560","11,560","11,420","0,00%"
"22.12.2016","11,490","11,630","11,680","11,480","-1,20%"
"21.12.2016","11,630","11,780","11,780","11,560","-1,27%"
"20.12.2016","11,780","11,980","11,980","11,740","-1,17%"
"19.12.2016","11,920","12,020","12,020","11,900","-1,00%"
"16.12.2016","12,040","12,060","12,060","11,920","-0,25%"
"15.12.2016","12,070","12,280","12,280","12,030","-0,58%"
"14.12.2016","12,140","12,055","12,140","11,930","0,37%"
"13.12.2016","12,095","12,135","12,135","11,805","1,00%"
"12.12.2016","11,975","12,095","12,095","11,915","0,67%"
"09.12.2016","11,895","11,800","11,930","11,690","0,89%"
"08.12.2016","11,790","11,950","12,000","11,750","-1,26%"
"07.12.2016","11,940","12,360","12,420","11,910","-2,05%"
"06.12.2016","12,190","12,270","12,270","12,020","1,08%"
"05.12.2016","12,060","12,310","12,310","12,030","-2,51%"
"02.12.2016","12,370","12,320","12,530","12,180","0,98%"
"01.12.2016","12,250","12,140","12,330","11,830","2,94%"
"30.11.2016","11,900","11,910","11,924","11,820","0,00%"
"29.11.2016","11,900","12,070","12,070","11,890","-1,00%"
"28.11.2016","12,020","12,320","12,320","11,990","-1,48%"
"25.11.2016","12,200","12,160","12,200","12,030","2,01%"
"24.11.2016","11,960","11,900","11,980","11,850","0,67%"
"23.11.2016","11,880","11,890","12,030","11,830","-0,25%"
"22.11.2016","11,910","11,930","11,970","11,800","-0,08%"
"21.11.2016","11,920","12,200","12,260","11,920","-2,30%"
"18.11.2016","12,200","12,220","12,220","11,990","0,99%"
"17.11.2016","12,080","12,000","12,100","11,820","0,83%"
"16.11.2016","11,980","12,160","12,320","11,930","-2,68%"
"14.11.2016","12,310","12,320","12,450","12,200","2,07%"
"11.11.2016","12,060","12,180","12,340","11,950","0,58%"
"10.11.2016","11,990","11,600","12,190","11,570","3,45%"
"09.11.2016","11,590","11,460","11,600","11,440","2,66%"
"08.11.2016","11,290","11,460","11,460","11,260","-1,22%"
"07.11.2016","11,430","11,450","11,450","11,340","-1,21%"
"04.11.2016","11,570","11,690","11,700","11,500","-0,69%"
"03.11.2016","11,650","11,790","11,790","11,520","0,95%"
"01.11.2016","11,540","11,420","11,590","11,380","0,61%"
"31.10.2016","11,470","11,410","11,470","11,350","0,35%"
"28.10.2016","11,430","11,430","11,480","11,290","0,09%"
"27.10.2016","11,420","11,330","11,440","11,220","0,97%"
"26.10.2016","11,310","11,260","11,310","11,160","1,21%"
"25.10.2016","11,175","11,145","11,210","10,985","0,99%"
"24.10.2016","11,065","11,160","11,220","11,040","-1,12%"
"21.10.2016","11,190","11,280","11,280","11,030","0,90%"
"20.10.2016","11,090","11,280","11,280","11,050","-0,72%"
"19.10.2016","11,170","11,370","11,370","11,140","-1,41%"
"18.10.2016","11,330","11,400","11,400","11,290","-0,44%"
"17.10.2016","11,380","11,480","11,480","11,350","-0,35%"
"15.10.2016","11,420","11,420","11,420","11,420","0,00%"
"14.10.2016","11,420","11,440","11,440","11,320","-0,09%"
"13.10.2016","11,430","11,460","11,510","11,410","-0,17%"
"11.10.2016","11,450","11,460","11,460","11,350","0,70%"
"10.10.2016","11,370","11,530","11,530","11,340","-0,70%"
"07.10.2016","11,450","11,600","11,680","11,360","-0,43%"
"06.10.2016","11,500","11,510","11,560","11,440","0,09%"
"05.10.2016","11,490","11,590","11,700","11,450","-1,71%"
"04.10.2016","11,690","11,650","11,690","11,470","1,39%"
"03.10.2016","11,530","11,620","11,620","11,440","-0,86%"
"30.09.2016","11,630","11,790","11,790","11,550","-0,94%"
"29.09.2016","11,740","11,870","11,900","11,555","0,43%"
"28.09.2016","11,690","11,780","11,780","11,645","-0,60%"
"27.09.2016","11,760","11,900","11,900","11,720","-1,34%"
"26.09.2016","11,920","11,910","11,970","11,890","0,42%"
"25.09.2016","11,870","11,870","11,870","11,870","0,00%"
"24.09.2016","11,870","11,870","11,870","11,870","0,00%"
"23.09.2016","11,870","11,850","11,910","11,770","-0,17%"
"22.09.2016","11,890","12,060","12,060","11,810","-1,25%"
"21.09.2016","12,040","12,215","12,215","12,010","-1,47%"
"20.09.2016","12,220","12,280","12,280","12,150","-0,24%"
"19.09.2016","12,250","12,230","12,280","12,200","0,16%"
"17.09.2016","12,230","12,230","12,230","12,230","0,00%"
"16.09.2016","12,230","12,270","12,350","12,220","-0,49%"
"15.09.2016","12,290","12,490","12,530","12,270","-1,60%"
"14.09.2016","12,490","12,550","12,600","12,355","-0,24%"
"13.09.2016","12,520","12,410","12,610","12,180","1,87%"
"12.09.2016","12,290","12,340","12,340","12,170","0,08%"
"09.09.2016","12,280","12,130","12,290","12,090","1,57%"
"08.09.2016","12,090","12,020","12,090","11,940","0,75%"
"06.09.2016","12,000","12,040","12,080","11,970","-0,41%"
"05.09.2016","12,050","12,020","12,060","11,970","-0,08%"
"02.09.2016","12,060","12,060","12,080","11,940","0,08%"
"01.09.2016","12,050","12,080","12,140","11,990","-0,50%"
"31.08.2016","12,110","12,170","12,210","12,080","-0,66%"
"30.08.2016","12,190","12,050","12,260","12,020","1,16%"
"29.08.2016","12,050","12,250","12,260","12,040","-1,31%"
"26.08.2016","12,210","12,020","12,280","11,920","1,75%"
"25.08.2016","12,000","12,040","12,070","11,980","-0,66%"
"24.08.2016","12,080","12,040","12,090","11,970","0,83%"
"23.08.2016","11,980","11,990","12,010","11,770","1,35%"
"22.08.2016","11,820","11,810","11,850","11,770","0,25%"
"19.08.2016","11,790","11,950","11,950","11,790","-1,01%"
"18.08.2016","11,910","11,820","11,910","11,780","1,02%"
"17.08.2016","11,790","11,900","11,900","11,775","-0,51%"
"16.08.2016","11,850","11,840","11,870","11,750","0,17%"
"15.08.2016","11,830","11,950","11,960","11,800","-0,59%"
"14.08.2016","11,900","11,900","11,900","11,900","0,00%"
"13.08.2016","11,900","11,900","11,900","11,900","0,00%"
"12.08.2016","11,900","12,070","12,070","11,810","-0,25%"
"11.08.2016","11,930","11,900","11,930","11,830","0,93%"
"10.08.2016","11,820","11,820","11,840","11,730","0,42%"
"09.08.2016","11,770","11,860","11,870","11,720","-0,84%"
"08.08.2016","11,870","11,840","11,900","11,800","0,42%"
"06.08.2016","11,820","11,820","11,820","11,820","0,00%"
"05.08.2016","11,820","11,810","11,860","11,750","-0,25%"
"04.08.2016","11,850","11,930","11,930","11,840","-1,00%"
"03.08.2016","11,970","12,020","12,090","11,930","0,34%"
"02.08.2016","11,930","11,850","11,980","11,810","0,51%"
"01.08.2016","11,870","11,810","11,870","11,770","0,34%"
"29.07.2016","11,830","11,920","11,950","11,790","-0,76%"
"28.07.2016","11,920","11,990","11,990","11,860","-0,25%"
"27.07.2016","11,950","12,030","12,050","11,925","-0,25%"
"26.07.2016","11,980","12,060","12,060","11,880","0,00%"
"25.07.2016","11,980","12,010","12,070","11,960","0,08%"
"22.07.2016","11,970","11,925","11,985","11,850","0,97%"
"21.07.2016","11,855","11,805","11,885","11,735","0,34%"
"20.07.2016","11,815","12,040","12,040","11,765","-1,50%"
"19.07.2016","11,995","12,030","12,030","11,900","0,38%"
"18.07.2016","11,950","12,100","12,130","11,870","-0,33%"
"15.07.2016","11,990","11,980","12,000","11,890","0,17%"
"14.07.2016","11,970","12,010","12,010","11,870","-0,25%"
"13.07.2016","12,000","12,150","12,160","11,970","-1,07%"
"12.07.2016","12,130","12,090","12,140","11,900","0,66%"
"11.07.2016","12,050","12,070","12,070","11,978","-0,41%"
"08.07.2016","12,100","12,180","12,240","12,020","-1,47%"
"07.07.2016","12,280","12,370","12,370","12,210","-0,32%"
"06.07.2016","12,320","12,480","12,480","12,270","0,41%"
"05.07.2016","12,270","12,310","12,310","12,070","1,66%"
"04.07.2016","12,070","12,260","12,270","12,030","-1,07%"
"01.07.2016","12,200","12,080","12,230","12,020","0,08%"
"30.06.2016","12,190","12,210","12,260","11,998","0,33%"
"29.06.2016","12,150","12,030","12,190","11,960","0,08%"
"28.06.2016","12,140","12,360","12,360","12,010","-1,06%"
"27.06.2016","12,270","12,470","12,470","12,250","-1,29%"
"24.06.2016","12,430","12,750","12,750","12,400","-0,08%"
"23.06.2016","12,440","12,550","12,560","12,400","-1,50%"
"22.06.2016","12,630","12,630","12,640","12,486","-0,16%"
"21.06.2016","12,650","12,680","12,700","12,550","-0,71%"
"20.06.2016","12,740","12,940","13,020","12,570","-0,20%"
"17.06.2016","12,765","12,780","12,800","12,710","-0,66%"
"16.06.2016","12,850","13,110","13,110","12,800","-0,08%"
"15.06.2016","12,860","12,770","12,970","12,670","0,70%"
"14.06.2016","12,770","12,790","12,840","12,640","0,47%"
"13.06.2016","12,710","12,750","12,830","12,410","0,32%"
"10.06.2016","12,670","12,560","12,710","12,490","1,85%"
"09.06.2016","12,440","12,550","12,550","12,340","0,24%"
"08.06.2016","12,410","12,360","12,470","12,340","-0,56%"
"07.06.2016","12,480","12,760","12,760","12,450","0,48%"
"06.06.2016","12,420","12,580","12,630","12,400","-1,27%"
"03.06.2016","12,580","12,930","12,930","12,550","-1,83%"
"02.06.2016","12,815","13,060","13,060","12,790","-1,50%"
"01.06.2016","13,010","13,020","13,140","12,930","-0,31%"
"31.05.2016","13,050","13,130","13,120","12,950","0,77%"
"30.05.2016","12,950","13,160","13,180","12,900","-1,30%"
"27.05.2016","13,120","13,270","13,270","12,950","1,47%"
"25.05.2016","12,930","12,870","13,120","12,740","0,86%"
"24.05.2016","12,820","13,300","13,300","12,670","-0,23%"
"23.05.2016","12,850","12,690","12,930","12,650","2,27%"
"20.05.2016","12,565","12,780","12,850","12,515","-1,33%"
"19.05.2016","12,735","12,950","13,020","12,720","-1,20%"
"18.05.2016","12,890","12,690","12,910","12,650","2,55%"
"17.05.2016","12,570","12,370","12,640","12,350","1,25%"
"16.05.2016","12,415","12,340","12,480","12,330","0,53%"
"14.05.2016","12,350","12,350","12,350","12,350","0,00%"
"13.05.2016","12,350","12,380","12,410","12,230","0,57%"
"12.05.2016","12,280","12,470","12,500","12,160","-0,97%"
"11.05.2016","12,400","12,500","12,550","12,220","-1,23%"
"10.05.2016","12,555","12,780","12,800","12,500","-2,03%"
"09.05.2016","12,815","12,760","13,330","12,660","1,30%"
"06.05.2016","12,650","12,700","12,740","12,600","0,32%"
"05.05.2016","12,610","13,090","13,090","12,570","-0,83%"
"04.05.2016","12,715","12,570","12,740","12,500","1,64%"
"03.05.2016","12,510","12,550","12,610","12,460","0,48%"
"02.05.2016","12,450","12,520","12,530","12,390","0,00%"
"30.04.2016","12,450","12,450","12,450","12,450","0,00%"
"29.04.2016","12,450","12,770","12,770","12,440","-2,54%"
"28.04.2016","12,775","12,700","12,780","12,490","1,31%"
"27.04.2016","12,610","12,800","12,830","12,540","-1,60%"
"26.04.2016","12,815","12,850","12,850","12,650","0,20%"
"25.04.2016","12,790","13,010","13,010","12,760","-1,01%"
"22.04.2016","12,920","13,020","13,070","12,910","-0,23%"
"20.04.2016","12,950","13,100","13,150","12,880","-0,23%"
"19.04.2016","12,980","12,990","12,990","12,780","0,15%"
"18.04.2016","12,960","12,670","12,990","12,670","-0,42%"
"15.04.2016","13,015","13,120","13,120","12,860","-0,31%"
"14.04.2016","13,055","13,160","13,300","12,960","-0,34%"
"13.04.2016","13,100","13,510","13,510","13,100","-2,89%"
"12.04.2016","13,490","13,630","13,670","13,420","-0,85%"
"11.04.2016","13,605","13,780","13,940","13,550","-1,59%"
"08.04.2016","13,825","14,360","14,360","13,770","-2,57%"
"07.04.2016","14,190","14,370","14,380","14,170","-0,21%"
"06.04.2016","14,220","14,210","14,440","14,130","1,21%"
"05.04.2016","14,050","14,110","14,140","14,050","-0,14%"
"04.04.2016","14,070","13,950","14,070","13,950","1,96%"
"01.04.2016","13,800","14,100","14,110","13,800","-1,43%"
"31.03.2016","14,000","13,820","14,000","13,813","2,41%"
"30.03.2016","13,670","13,600","13,670","13,553","0,29%"
"29.03.2016","13,630","13,780","13,802","13,630","-2,01%"
"28.03.2016","13,910","13,920","13,920","13,890","-1,24%"
"24.03.2016","14,085","14,160","14,160","14,085","0,36%"
"23.03.2016","14,035","13,900","14,035","13,870","2,37%"
"22.03.2016","13,710","13,790","14,120","13,710","-1,51%"
"21.03.2016","13,920","14,170","14,365","13,920","-1,07%"
"18.03.2016","14,070","14,200","14,200","14,041","-0,14%"
"17.03.2016","14,090","14,302","14,350","14,090","-3,92%"
"16.03.2016","14,665","15,090","15,090","14,640","-0,31%"
"15.03.2016","14,710","14,585","14,710","14,515","2,72%"
"14.03.2016","14,320","14,545","14,545","14,320","-0,14%"
"11.03.2016","14,340","14,495","14,495","14,340","-1,31%"
"10.03.2016","14,530","14,530","14,530","14,365","-0,27%"
"09.03.2016","14,570","14,670","14,670","14,525","-2,41%"
"08.03.2016","14,930","14,840","14,930","14,840","-0,20%"
"07.03.2016","14,960","14,830","15,020","14,774","2,05%"
"04.03.2016","14,660","14,535","14,660","14,535","-3,43%"
"03.03.2016","15,180","15,320","15,320","15,180","-2,13%"
"02.03.2016","15,510","15,620","15,620","15,510","-1,21%"
"01.03.2016","15,700","15,875","15,900","15,700","-1,47%"
"29.02.2016","15,935","15,910","16,010","15,800","-0,28%"
"26.02.2016","15,980","15,790","15,980","15,790","0,82%"
"25.02.2016","15,850","15,800","15,860","15,800","1,54%"
"24.02.2016","15,610","15,720","15,739","15,610","-0,13%"
"23.02.2016","15,630","15,490","15,630","15,460","0,71%"
"22.02.2016","15,520","15,520","15,520","15,520","-1,08%"
"19.02.2016","15,690","15,760","15,900","15,690","-1,26%"
"18.02.2016","15,890","15,950","15,950","15,816","-0,09%"
"17.02.2016","15,905","15,895","15,905","15,860","-1,15%"
"16.02.2016","16,090","15,950","16,090","15,910","0,44%"
"15.02.2016","16,020","16,020","16,020","15,950","-0,44%"
"14.02.2016","16,090","16,090","16,090","16,090","0,00%"
"12.02.2016","16,090","16,090","16,105","16,085","0,31%"
"11.02.2016","16,040","16,070","16,170","16,040","0,75%"
"10.02.2016","15,920","15,920","15,920","15,920","-1,14%"
"05.02.2016","16,104","16,185","16,185","16,104","0,40%"
"04.02.2016","16,040","15,660","16,040","15,660","1,20%"
"03.02.2016","15,850","16,000","16,000","15,850","-0,63%"
"02.02.2016","15,950","15,700","15,950","15,700","1,21%"
"01.02.2016","15,760","16,080","16,080","15,760","-1,50%"
"29.01.2016","16,000","16,060","16,060","15,980","-1,81%"
"28.01.2016","16,295","16,575","16,580","16,295","-1,36%"
"27.01.2016","16,520","16,485","16,520","16,455","0,27%"
"26.01.2016","16,475","16,730","16,730","16,475","-1,70%"
"25.01.2016","16,760","16,760","16,760","16,760","0,36%"
"22.01.2016","16,700","16,570","16,700","16,560","0,48%"
"21.01.2016","16,620","16,730","16,760","16,620","-0,06%"
"20.01.2016","16,630","16,700","16,703","16,580","1,12%"
"19.01.2016","16,445","16,393","16,470","16,393","1,04%"
"18.01.2016","16,275","16,340","16,340","16,275","-0,46%"
"15.01.2016","16,350","16,250","16,375","16,250","0,62%"
"14.01.2016","16,250","16,315","16,315","16,250","1,03%"
"13.01.2016","16,085","16,120","16,128","16,085","-0,62%"
"12.01.2016","16,185","16,170","16,185","16,115","0,00%"
"11.01.2016","16,185","16,170","16,185","16,085","-0,03%"
"10.01.2016","16,190","16,190","16,190","16,190","0,00%"
"08.01.2016","16,190","16,100","16,190","16,100","0,53%"
"07.01.2016","16,105","15,910","16,105","15,910","1,13%"
"06.01.2016","15,925","16,030","16,030","15,895","-0,78%"
"05.01.2016","16,050","16,390","16,390","16,040","-2,16%"
"04.01.2016","16,405","16,510","16,510","16,405","-0,52%"
"31.12.2015","16,490","16,490","16,490","16,490","0,00%"
"30.12.2015","16,490","16,460","16,490","16,360","0,49%"
"29.12.2015","16,410","16,385","16,410","16,353","0,46%"
"28.12.2015","16,335","16,319","16,335","16,319","-0,15%"
"24.12.2015","16,360","16,425","16,425","16,360","-0,40%"
"23.12.2015","16,425","16,380","16,425","16,290","0,15%"
"22.12.2015","16,400","16,360","16,400","16,305","0,12%"
"21.12.2015","16,380","16,220","16,380","16,140","1,46%"
"18.12.2015","16,145","16,120","16,205","16,010","1,29%"
"17.12.2015","15,940","16,075","16,075","15,930","-1,30%"
"16.12.2015","16,150","16,130","16,274","16,130","1,29%"
"15.12.2015","15,945","15,920","15,970","15,894","0,00%"
"14.12.2015","15,945","15,940","15,970","15,900","0,41%"
"11.12.2015","15,880","15,785","15,880","15,780","1,02%"
"10.12.2015","15,720","15,640","15,720","15,640","1,39%"
"09.12.2015","15,505","15,650","15,650","15,500","-1,15%"
"08.12.2015","15,685","15,720","15,720","15,620","0,74%"
"07.12.2015","15,570","15,535","15,575","15,525","-0,03%"
"04.12.2015","15,575","15,645","15,645","15,563","-0,67%"
"03.12.2015","15,680","15,465","15,680","15,445","0,51%"
"02.12.2015","15,600","15,635","15,635","15,593","-1,02%"
"01.12.2015","15,760","15,725","15,760","15,634","-0,35%"
"30.11.2015","15,815","15,860","15,860","15,800","0,35%"
"27.11.2015","15,760","15,610","15,760","15,580","1,22%"
"26.11.2015","15,570","15,570","15,595","15,552","0,65%"
"25.11.2015","15,470","15,460","15,470","15,400","1,64%"
"24.11.2015","15,220","15,140","15,220","15,140","0,33%"
"23.11.2015","15,170","15,190","15,219","15,170","-0,20%"
"22.11.2015","15,200","15,200","15,200","15,200","0,00%"
"20.11.2015","15,200","15,257","15,257","15,200","-0,37%"
"19.11.2015","15,257","15,350","15,350","15,257","-1,25%"
"18.11.2015","15,450","15,510","15,510","15,419","-0,39%"
"17.11.2015","15,510","15,515","15,520","15,450","0,13%"
"16.11.2015","15,490","15,510","15,510","15,417","-0,26%"
"13.11.2015","15,530","15,460","15,530","15,434","0,65%"
"12.11.2015","15,430","15,520","15,587","15,430","-0,42%"
"11.11.2015","15,495","15,510","15,510","15,415","-0,86%"
"10.11.2015","15,630","15,665","15,665","15,610","0,00%"
"09.11.2015","15,630","15,700","15,710","15,620","-0,32%"
"06.11.2015","15,680","15,620","15,763","15,620","0,97%"
"05.11.2015","15,530","15,510","15,600","15,510","-0,26%"
"04.11.2015","15,570","15,560","15,805","15,526","-0,83%"
"03.11.2015","15,700","15,900","15,900","15,700","-1,20%"
"30.10.2015","15,890","15,880","15,890","15,858","-0,09%"
"29.10.2015","15,905","15,800","15,940","15,800","0,51%"
"28.10.2015","15,825","15,670","15,825","15,670","0,76%"
"27.10.2015","15,705","15,880","15,880","15,680","-1,20%"
"26.10.2015","15,895","15,860","15,930","15,820","-0,34%"
"23.10.2015","15,950","15,810","15,950","15,810","0,82%"
"22.10.2015","15,820","15,730","15,820","15,730","0,19%"
"21.10.2015","15,790","15,880","15,930","15,790","-0,06%"
"20.10.2015","15,800","15,905","15,905","15,740","-0,25%"
"19.10.2015","15,840","15,889","15,905","15,840","0,19%"
"18.10.2015","15,810","15,810","15,810","15,810","0,00%"
"16.10.2015","15,810","15,725","15,825","15,725","0,25%"
"15.10.2015","15,770","15,880","15,903","15,770","-1,81%"
"14.10.2015","16,060","15,970","16,116","15,970","0,44%"
"13.10.2015","15,990","16,040","16,040","15,943","1,98%"
"09.10.2015","15,680","15,490","15,735","15,490","1,88%"
"08.10.2015","15,390","15,700","15,720","15,330","-1,16%"
"07.10.2015","15,570","15,230","15,620","15,200","2,13%"
"06.10.2015","15,245","15,405","15,405","15,245","0,10%"
"05.10.2015","15,230","15,210","15,370","15,210","0,00%"
"03.10.2015","15,230","15,230","15,230","15,230","0,00%"
"02.10.2015","15,230","15,455","15,455","15,230","-1,99%"
"01.10.2015","15,540","15,580","15,680","15,491","0,45%"
"30.09.2015","15,470","15,670","15,720","15,470","-3,79%"
"29.09.2015","16,080","15,870","16,080","15,870","0,16%"
"28.09.2015","16,055","16,055","16,055","16,055","-4,19%"
"27.09.2015","16,757","16,757","16,757","16,757","5,36%"
"25.09.2015","15,905","16,017","16,017","15,905","-5,08%"
"24.09.2015","16,757","16,757","16,757","16,757","-0,55%"
"23.09.2015","16,850","16,340","16,850","16,340","3,69%"
"22.09.2015","16,250","16,240","16,250","16,155","2,01%"
"21.09.2015","15,930","16,080","16,220","15,930","0,25%"
"18.09.2015","15,890","15,520","15,890","15,450","3,42%"
"17.09.2015","15,365","15,500","15,500","15,365","1,29%"
"16.09.2015","15,170","15,081","15,220","15,081","0,13%"
"15.09.2015","15,150","15,265","15,265","15,150","-0,30%"
"14.09.2015","15,195","15,285","15,290","15,190","-0,75%"
"11.09.2015","15,310","15,220","15,333","15,220","-0,46%"
"10.09.2015","15,380","15,340","15,380","15,340","2,77%"
"09.09.2015","14,965","14,950","14,970","14,870","-0,10%"
"08.09.2015","14,980","14,860","14,980","14,860","-1,22%"
"05.09.2015","15,165","15,165","15,165","15,165","0,00%"
"04.09.2015","15,165","15,000","15,165","14,930","2,64%"
"03.09.2015","14,775","14,990","15,050","14,710","-0,14%"
"02.09.2015","14,795","14,720","14,860","14,720","1,65%"
"01.09.2015","14,555","14,295","14,570","14,290","1,93%"
"31.08.2015","14,280","14,268","14,280","14,268","2,99%"
"28.08.2015","13,865","13,910","14,060","13,785","-0,50%"
"27.08.2015","13,935","13,935","13,935","13,910","-0,32%"
"26.08.2015","13,980","14,150","14,160","13,955","-1,31%"
"25.08.2015","14,165","14,150","14,180","14,045","0,00%"
"24.08.2015","14,165","14,260","14,260","14,138","1,43%"
"22.08.2015","13,965","13,965","13,965","13,965","0,00%"
"21.08.2015","13,965","13,935","13,965","13,875","1,12%"
"20.08.2015","13,810","13,860","13,860","13,790","0,47%"
"19.08.2015","13,745","13,755","13,755","13,715","0,40%"
"18.08.2015","13,690","13,665","13,690","13,620","0,00%"
"17.08.2015","13,690","13,565","13,690","13,565","0,92%"
"15.08.2015","13,565","13,565","13,565","13,565","0,00%"
"14.08.2015","13,565","13,500","13,565","13,435","0,30%"
"13.08.2015","13,525","13,450","13,620","13,450","0,37%"
"12.08.2015","13,475","13,615","13,615","13,450","-1,50%"
"11.08.2015","13,680","13,690","13,885","13,680","-0,22%"
"10.08.2015","13,710","13,800","13,800","13,670","-0,80%"
"08.08.2015","13,820","13,820","13,820","13,820","0,00%"
"07.08.2015","13,820","13,800","13,885","13,783","0,44%"
"06.08.2015","13,760","13,610","13,773","13,610","2,99%"
"05.08.2015","13,360","13,160","13,360","13,160","1,33%"
"04.08.2015","13,185","13,020","13,290","13,020","0,00%"
"03.08.2015","13,185","12,960","13,185","12,960","1,58%"
"01.08.2015","12,980","12,980","12,980","12,980","0,00%"
"31.07.2015","12,980","12,990","12,990","12,936","-0,23%"
"30.07.2015","13,010","13,015","13,015","12,981","-1,18%"
"29.07.2015","13,165","13,070","13,165","13,010","0,53%"
"28.07.2015","13,095","12,985","13,180","12,985","0,15%"
"27.07.2015","13,075","13,080","13,080","13,065","-0,23%"
"25.07.2015","13,105","13,105","13,105","13,105","0,00%"
"24.07.2015","13,105","13,230","13,230","13,105","0,34%"
"23.07.2015","13,060","13,010","13,060","13,010","4,73%"
"22.07.2015","12,470","12,330","12,520","12,330","1,01%"
"21.07.2015","12,345","12,510","12,510","12,330","-1,48%"
"20.07.2015","12,530","12,590","12,590","12,521","-0,56%"
"18.07.2015","12,600","12,600","12,600","12,600","0,00%"
"17.07.2015","12,600","12,630","12,635","12,600","0,00%"
"16.07.2015","12,600","12,540","12,600","12,535","0,56%"
"15.07.2015","12,530","12,620","12,630","12,530","-0,48%"
"14.07.2015","12,590","12,590","12,590","12,545","-0,16%"
"13.07.2015","12,610","12,600","12,638","12,600","-0,08%"
"10.07.2015","12,620","12,650","12,650","12,605","-0,16%"
"09.07.2015","12,640","12,660","12,660","12,640","-0,16%"
"08.07.2015","12,660","12,590","12,660","12,585","0,40%"
"07.07.2015","12,610","12,655","12,686","12,610","-0,16%"
"06.07.2015","12,630","12,510","12,630","12,510","0,80%"
"03.07.2015","12,530","12,500","12,550","12,495","0,08%"
"02.07.2015","12,520","12,590","12,600","12,520","-1,26%"
"01.07.2015","12,680","12,610","12,680","12,610","0,40%"
"30.06.2015","12,630","12,590","12,630","12,590","-0,12%"
"29.06.2015","12,645","12,740","12,740","12,589","0,48%"
"26.06.2015","12,585","12,605","12,605","12,585","-0,98%"
"25.06.2015","12,710","12,705","12,740","12,665","1,27%"
"24.06.2015","12,550","12,510","12,565","12,510","0,12%"
"23.06.2015","12,535","12,500","12,565","12,500","-0,04%"
"22.06.2015","12,540","12,565","12,590","12,540","-0,63%"
"20.06.2015","12,620","12,620","12,620","12,620","0,00%"
"19.06.2015","12,620","12,610","12,640","12,570","0,32%"
"18.06.2015","12,580","12,650","12,650","12,561","-0,71%"
"17.06.2015","12,670","12,720","12,775","12,640","-0,51%"
"16.06.2015","12,735","12,740","12,750","12,680","-0,35%"
"15.06.2015","12,780","12,600","12,780","12,600","1,43%"
"12.06.2015","12,600","12,470","12,705","12,470","-0,83%"
"11.06.2015","12,705","12,660","12,720","12,660","0,16%"
"10.06.2015","12,685","12,470","12,720","12,470","1,85%"
"09.06.2015","12,455","12,455","12,485","12,455","-0,04%"
"08.06.2015","12,460","12,425","12,460","12,425","-0,76%"
"07.06.2015","12,555","12,555","12,555","12,555","0,00%"
"05.06.2015","12,555","12,615","12,615","12,545","0,76%"
"03.06.2015","12,460","12,370","12,495","12,370","0,61%"
"02.06.2015","12,385","12,280","12,440","12,280","0,61%"
"01.06.2015","12,310","12,205","12,310","12,205","0,45%"
"30.05.2015","12,255","12,255","12,255","12,255","0,00%"
"29.05.2015","12,255","12,220","12,255","12,220","-0,20%"
"28.05.2015","12,280","12,410","12,480","12,280","-0,89%"
"27.05.2015","12,390","12,330","12,445","12,330","1,14%"
"26.05.2015","12,250","12,270","12,371","12,250","-0,20%"
"25.05.2015","12,275","12,330","12,330","12,270","-0,57%"
"22.05.2015","12,345","12,440","12,440","12,297","-0,24%"
"21.05.2015","12,375","12,400","12,470","12,290","-0,32%"
"20.05.2015","12,415","12,530","12,530","12,400","-1,08%"
"19.05.2015","12,550","12,630","12,630","12,510","-0,24%"
"18.05.2015","12,580","12,440","12,590","12,440","0,96%"
"16.05.2015","12,460","12,460","12,460","12,460","0,00%"
"15.05.2015","12,460","12,570","12,570","12,460","-1,03%"
"14.05.2015","12,590","12,720","12,727","12,590","-1,14%"
"13.05.2015","12,735","12,780","12,780","12,698","-0,47%"
"12.05.2015","12,795","12,830","12,880","12,795","0,12%"
"11.05.2015","12,780","12,670","12,780","12,670","0,71%"
"09.05.2015","12,690","12,690","12,690","12,690","0,00%"
"08.05.2015","12,690","12,880","12,880","12,690","-1,78%"
"07.05.2015","12,920","12,940","13,000","12,915","-0,31%"
"06.05.2015","12,960","12,900","13,015","12,900","0,23%"
"05.05.2015","12,930","12,840","12,930","12,840","0,19%"
"04.05.2015","12,905","12,780","12,920","12,780","0,82%"
"30.04.2015","12,800","12,750","12,890","12,750","1,07%"
"29.04.2015","12,665","12,650","12,685","12,630","-0,08%"
"28.04.2015","12,675","12,610","12,675","12,610","0,28%"
"27.04.2015","12,640","12,650","12,650","12,540","-0,20%"
"24.04.2015","12,665","12,625","12,665","12,625","0,56%"
"23.04.2015","12,595","12,570","12,735","12,570","0,00%"
"22.04.2015","12,595","12,575","12,610","12,570","-0,47%"
"20.04.2015","12,655","12,585","12,655","12,565","0,36%"
"17.04.2015","12,610","12,710","12,710","12,575","0,16%"
"16.04.2015","12,590","12,490","12,650","12,490","0,64%"
"15.04.2015","12,510","12,490","12,850","12,455","0,00%"
"14.04.2015","12,510","12,530","12,530","12,475","-1,03%"
"13.04.2015","12,640","12,505","12,640","12,505","0,80%"
"10.04.2015","12,540","12,520","12,540","12,520","-0,87%"
"09.04.2015","12,650","12,560","12,650","12,410","0,56%"
"08.04.2015","12,580","12,765","12,765","12,530","-1,37%"
"07.04.2015","12,755","12,770","12,770","12,700","0,16%"
"06.04.2015","12,735","12,830","12,830","12,678","-0,89%"
"02.04.2015","12,850","12,840","12,940","12,840","-0,04%"
"01.04.2015","12,855","12,910","12,940","12,835","-1,53%"
"31.03.2015","13,055","13,025","13,170","13,025","-0,50%"
"30.03.2015","13,120","13,300","13,320","13,105","-0,83%"
"27.03.2015","13,230","13,160","13,230","13,160","0,11%"
"26.03.2015","13,215","13,125","13,225","13,125","1,15%"
"25.03.2015","13,065","13,160","13,160","13,040","-0,42%"
"24.03.2015","13,120","13,055","13,120","13,050","-0,04%"
"23.03.2015","13,125","13,190","13,190","13,090","-0,38%"
"20.03.2015","13,175","13,100","13,175","13,100","-0,94%"
"19.03.2015","13,300","13,045","13,300","13,045","2,23%"
"18.03.2015","13,010","13,130","13,163","12,980","-0,95%"
"17.03.2015","13,135","13,380","13,380","13,135","-2,05%"
"16.03.2015","13,410","13,410","13,410","13,410","-0,19%"
"13.03.2015","13,435","13,411","13,595","13,411","0,49%"
"12.03.2015","13,370","13,130","13,370","13,130","1,25%"
"11.03.2015","13,205","13,220","13,220","13,014","-0,11%"
"10.03.2015","13,220","13,310","13,310","13,220","-0,97%"
"09.03.2015","13,350","13,225","13,350","13,225","2,81%"
"06.03.2015","12,985","12,820","12,990","12,820","1,05%"
"05.03.2015","12,850","12,800","12,890","12,800","0,67%"
"04.03.2015","12,765","12,765","12,765","12,765","1,55%"
"03.03.2015","12,570","12,505","12,605","12,470","0,88%"
"02.03.2015","12,460","12,320","12,470","12,300","0,24%"
"27.02.2015","12,430","12,440","12,440","12,387","-1,74%"
"26.02.2015","12,650","12,830","12,830","12,550","-0,51%"
"25.02.2015","12,715","12,770","12,770","12,715","0,71%"
"24.02.2015","12,625","12,625","12,625","12,625","-1,29%"
"23.02.2015","12,790","12,950","12,955","12,790","-1,27%"
"21.02.2015","12,955","12,955","12,955","12,955","0,00%"
"20.02.2015","12,955","12,960","12,960","12,955","0,97%"
"19.02.2015","12,830","12,745","12,830","12,745","0,47%"
"18.02.2015","12,770","12,680","12,770","12,572","1,43%"
"13.02.2015","12,590","12,560","12,610","12,540","0,08%"
"12.02.2015","12,580","12,660","12,660","12,540","-1,87%"
"11.02.2015","12,820","12,770","12,870","12,590","1,02%"
"10.02.2015","12,690","12,670","12,810","12,590","0,63%"
"09.02.2015","12,610","12,500","12,610","12,460","1,04%"
"06.02.2015","12,480","12,420","12,480","12,290","0,97%"
"05.02.2015","12,360","12,180","12,360","12,180","1,27%"
"04.02.2015","12,205","12,040","12,205","12,020","0,78%"
"03.02.2015","12,110","12,180","12,250","12,080","-0,57%"
"02.02.2015","12,180","11,950","12,180","11,915","1,75%"
"01.02.2015","11,970","11,970","11,970","11,970","0,00%"
"30.01.2015","11,970","11,955","12,010","11,830","1,01%"
"29.01.2015","11,850","11,810","11,875","11,810","0,34%"
"28.01.2015","11,810","11,820","11,910","11,810","0,30%"
"27.01.2015","11,775","11,760","11,870","11,760","-0,04%"
"26.01.2015","11,780","11,770","11,835","11,700","0,34%"
"23.01.2015","11,740","11,880","11,902","11,690","-1,51%"
"22.01.2015","11,920","11,890","11,920","11,815","1,27%"
"21.01.2015","11,770","11,890","11,950","11,770","-0,93%"
"20.01.2015","11,880","12,030","12,165","11,870","-2,34%"
"19.01.2015","12,165","12,030","12,165","12,030","1,12%"
"16.01.2015","12,030","12,090","12,160","12,010","-1,07%"
"15.01.2015","12,160","12,280","12,280","12,160","-0,65%"
"14.01.2015","12,240","12,260","12,260","12,080","-0,16%"
"13.01.2015","12,260","12,290","12,310","12,170","-0,33%"
"12.01.2015","12,300","12,170","12,344","12,170","0,94%"
"09.01.2015","12,185","12,370","12,370","12,180","-1,26%"
"08.01.2015","12,340","12,360","12,420","12,220","-0,28%"
"07.01.2015","12,375","12,250","12,375","12,250","1,02%"
"06.01.2015","12,250","12,360","12,360","12,225","-0,24%"
"05.01.2015","12,280","12,360","12,420","12,260","-0,45%"
"02.01.2015","12,335","12,400","12,400","12,310","-0,72%"
"31.12.2014","12,425","12,425","12,425","12,425","0,00%"
"30.12.2014","12,425","12,420","12,425","12,420","0,12%"
"28.12.2014","12,410","12,410","12,410","12,410","0,00%"
"26.12.2014","12,410","12,500","12,500","12,410","-0,72%"
"24.12.2014","12,500","12,480","12,500","12,480","0,16%"
"23.12.2014","12,480","12,400","12,480","12,400","-0,56%"
"22.12.2014","12,550","12,550","12,550","12,550","-0,16%"
"19.12.2014","12,570","12,610","12,610","12,552","-0,44%"
"18.12.2014","12,625","12,580","12,760","12,580","-1,67%"
"17.12.2014","12,840","12,810","12,860","12,710","0,39%"
"16.12.2014","12,790","12,580","12,790","12,580","0,71%"
"15.12.2014","12,700","12,580","12,700","12,580","0,51%"
"14.12.2014","12,635","12,635","12,635","12,635","0,00%"
"12.12.2014","12,635","12,690","12,710","12,510","0,36%"
"11.12.2014","12,590","12,540","12,770","12,540","0,64%"
"10.12.2014","12,510","12,300","12,510","12,250","1,87%"
"09.12.2014","12,280","12,190","12,290","12,130","0,57%"
"08.12.2014","12,210","12,067","12,220","12,040","0,83%"
"05.12.2014","12,110","12,000","12,250","12,000","0,58%"
"04.12.2014","12,040","12,120","12,224","12,040","0,25%"
"03.12.2014","12,010","12,010","12,030","12,000","-0,08%"
"02.12.2014","12,020","11,980","12,030","11,900","1,26%"
"01.12.2014","11,870","11,870","11,960","11,800","0,38%"
"30.11.2014","11,825","11,825","11,825","11,825","0,00%"
"28.11.2014","11,825","11,885","11,965","11,810","-0,50%"
"27.11.2014","11,885","12,030","12,030","11,885","-0,63%"
"26.11.2014","11,960","12,020","12,020","11,785","-0,79%"
"25.11.2014","12,055","12,075","12,075","11,880","0,00%"
"24.11.2014","12,055","12,015","12,195","11,985","-2,86%"
"21.11.2014","12,410","12,745","12,745","12,360","-2,67%"
"20.11.2014","12,750","12,750","12,750","12,750","-0,23%"
"19.11.2014","12,780","12,870","13,000","12,685","-1,26%"
"18.11.2014","12,943","13,080","13,090","12,940","-0,40%"
"17.11.2014","12,995","13,010","13,050","12,850","0,36%"
"16.11.2014","12,948","12,948","12,948","12,948","0,00%"
"14.11.2014","12,948","13,120","13,180","12,880","-0,09%"
"13.11.2014","12,960","12,920","13,100","12,920","0,47%"
"12.11.2014","12,900","12,800","12,900","12,710","0,58%"
"11.11.2014","12,825","12,630","12,835","12,630","1,42%"
"10.11.2014","12,645","12,616","12,660","12,555","-0,24%"
"07.11.2014","12,675","12,880","12,890","12,630","-0,35%"
"06.11.2014","12,720","12,340","12,720","12,340","3,50%"
"05.11.2014","12,290","12,390","12,410","12,270","-0,69%"
"04.11.2014","12,375","12,170","12,380","12,170","1,35%"
"03.11.2014","12,210","12,070","12,210","12,070","1,16%"
"31.10.2014","12,070","12,215","12,240","12,030","-1,19%"
"30.10.2014","12,215","12,233","12,270","12,020","-1,21%"
"29.10.2014","12,365","12,130","12,460","12,080","1,60%"
"28.10.2014","12,170","12,400","12,400","12,160","-2,56%"
"27.10.2014","12,490","12,260","12,870","12,260","3,31%"
"24.10.2014","12,090","12,275","12,350","11,960","-1,14%"
"23.10.2014","12,230","12,195","12,370","12,070","1,12%"
"22.10.2014","12,095","12,115","12,155","11,975","1,09%"
"21.10.2014","11,965","11,940","11,985","11,865","2,57%"
"20.10.2014","11,665","11,590","11,665","11,590","1,74%"
"17.10.2014","11,465","11,455","11,465","11,455","-1,55%"
"16.10.2014","11,645","11,650","11,790","11,640","0,39%"
"15.10.2014","11,600","11,540","11,680","11,470","2,75%"
"14.10.2014","11,290","11,215","11,370","11,210","0,85%"
"13.10.2014","11,195","11,530","11,530","11,195","-3,24%"
"10.10.2014","11,570","11,540","11,595","11,470","0,52%"
"09.10.2014","11,510","11,405","11,520","11,405","0,04%"
"08.10.2014","11,505","11,495","11,699","11,485","-0,69%"
"07.10.2014","11,585","11,600","11,710","11,540","-1,91%"
"06.10.2014","11,810","11,730","11,890","11,665","-3,04%"
"03.10.2014","12,180","12,440","12,440","12,140","-2,17%"
"02.10.2014","12,450","12,460","12,570","12,405","-0,64%"
"01.10.2014","12,530","12,425","12,530","12,275","1,54%"
"30.09.2014","12,340","12,460","12,460","12,320","4,40%"
"29.09.2014","11,820","11,820","11,820","11,820","-0,51%"
"27.09.2014","11,880","11,880","11,880","11,880","0,00%"
"26.09.2014","11,880","12,070","12,110","11,870","0,55%"
"25.09.2014","11,815","11,755","11,850","11,750","0,42%"
"24.09.2014","11,765","11,985","12,010","11,765","-1,26%"
"23.09.2014","11,915","11,895","12,055","11,790","0,25%"
"22.09.2014","11,885","11,580","11,940","11,580","2,55%"
"19.09.2014","11,590","11,510","11,680","11,510","-0,22%"
"18.09.2014","11,615","11,600","11,650","11,460","1,18%"
"17.09.2014","11,480","11,450","11,540","11,350","0,00%"
"16.09.2014","11,480","11,630","11,635","11,360","-1,16%"
"15.09.2014","11,615","11,730","11,790","11,615","-1,73%"
"13.09.2014","11,820","11,820","11,820","11,820","0,00%"
"12.09.2014","11,820","11,370","11,820","11,370","3,41%"
"11.09.2014","11,430","11,510","11,510","11,330","-1,04%"
"10.09.2014","11,550","11,420","11,705","11,420","1,01%"
"09.09.2014","11,435","11,320","11,470","11,320","0,75%"
"08.09.2014","11,350","11,070","11,390","11,060","1,52%"
"05.09.2014","11,180","11,100","11,200","11,070","0,27%"
"04.09.2014","11,150","11,170","11,250","11,040","-0,27%"
"03.09.2014","11,180","10,940","11,180","10,910","2,29%"
"02.09.2014","10,930","11,050","11,190","10,870","-1,26%"
"01.09.2014","11,070","11,180","11,180","11,070","-1,29%"
"31.08.2014","11,215","11,215","11,215","11,215","0,00%"
"29.08.2014","11,215","11,270","11,340","11,180","-0,58%"
"28.08.2014","11,280","11,335","11,335","11,125","-0,92%"
"27.08.2014","11,385","11,445","11,600","11,385","-1,30%"
"26.08.2014","11,535","11,600","11,600","11,480","-0,73%"
"25.08.2014","11,620","11,675","11,676","11,555","-0,56%"
"22.08.2014","11,685","11,890","11,890","11,675","-1,56%"
"21.08.2014","11,870","11,835","11,880","11,700","1,50%"
"20.08.2014","11,695","11,625","11,725","11,615","0,43%"
"19.08.2014","11,645","11,620","11,730","11,610","0,13%"
"18.08.2014","11,630","11,710","11,720","11,570","-0,85%"
"15.08.2014","11,730","11,960","11,960","11,730","-1,96%"
"14.08.2014","11,965","12,035","12,055","11,955","-0,91%"
"13.08.2014","12,075","11,935","12,080","11,890","1,00%"
"12.08.2014","11,955","11,950","11,975","11,885","-0,13%"
"11.08.2014","11,970","12,000","12,005","11,925","-1,36%"
"10.08.2014","12,135","12,135","12,135","12,135","0,00%"
"08.08.2014","12,135","12,125","12,215","11,995","0,25%"
"07.08.2014","12,105","12,065","12,150","11,985","0,33%"
"06.08.2014","12,065","12,215","12,250","12,065","-1,19%"
"05.08.2014","12,210","12,110","12,280","12,020","1,24%"
"04.08.2014","12,060","12,100","12,165","12,035","-0,99%"
"02.08.2014","12,180","12,180","12,180","12,180","0,00%"
"01.08.2014","12,180","12,100","12,180","12,005","1,33%"
"31.07.2014","12,020","11,910","12,080","11,910","0,67%"
"30.07.2014","11,940","11,850","11,957","11,850","1,10%"
"29.07.2014","11,810","11,745","11,810","11,720","0,55%"
"28.07.2014","11,745","11,670","11,750","11,670","0,38%"
"27.07.2014","11,700","11,700","11,700","11,700","0,00%"
"25.07.2014","11,700","11,680","11,790","11,680","0,00%"
"24.07.2014","11,700","11,630","11,750","11,620","0,43%"
"23.07.2014","11,650","11,565","11,650","11,565","0,95%"
"22.07.2014","11,540","11,565","11,650","11,514","-1,11%"
"21.07.2014","11,670","11,780","11,780","11,670","-1,10%"
"20.07.2014","11,800","11,800","11,800","11,800","0,00%"
"18.07.2014","11,800","11,860","11,865","11,800","-1,46%"
"17.07.2014","11,975","11,960","12,020","11,930","0,13%"
"16.07.2014","11,960","12,080","12,080","11,960","-0,66%"
"15.07.2014","12,040","12,110","12,140","12,030","-0,12%"
"14.07.2014","12,055","12,100","12,130","12,055","-0,82%"
"12.07.2014","12,155","12,155","12,155","12,155","0,00%"
"11.07.2014","12,155","12,120","12,155","12,120","0,12%"
"10.07.2014","12,140","12,030","12,140","12,030","0,41%"
"09.07.2014","12,090","12,040","12,090","12,040","0,42%"
"08.07.2014","12,040","11,990","12,040","11,990","0,33%"
"07.07.2014","12,000","12,030","12,078","11,987","-0,66%"
"04.07.2014","12,080","12,020","12,080","12,020","0,33%"
"03.07.2014","12,040","12,100","12,140","12,040","-0,25%"
"02.07.2014","12,070","12,050","12,200","12,030","0,50%"
"01.07.2014","12,010","12,200","12,280","12,010","-1,52%"
"30.06.2014","12,195","12,160","12,300","12,160","0,29%"
"27.06.2014","12,160","11,980","12,210","11,980","1,80%"
"26.06.2014","11,945","12,020","12,110","11,945","-0,46%"
"25.06.2014","12,000","12,020","12,020","11,890","0,13%"
"24.06.2014","11,985","12,030","12,055","11,954","-0,22%"
"23.06.2014","12,012","12,010","12,012","12,000","-0,32%"
"20.06.2014","12,050","11,950","12,110","11,950","0,63%"
"18.06.2014","11,975","12,070","12,200","11,975","-1,92%"
"17.06.2014","12,210","11,840","12,220","11,840","1,50%"
"16.06.2014","12,030","11,840","12,040","11,840","1,48%"
"13.06.2014","11,855","11,970","12,000","11,846","-1,13%"
"12.06.2014","11,990","11,970","11,990","11,970","0,17%"
"11.06.2014","11,970","11,980","12,120","11,958","-0,87%"
"10.06.2014","12,075","12,220","12,220","12,050","-1,11%"
"09.06.2014","12,210","12,010","12,250","12,010","1,41%"
"06.06.2014","12,040","12,260","12,260","11,970","-1,95%"
"05.06.2014","12,280","12,330","12,355","12,270","-0,61%"
"04.06.2014","12,355","12,390","12,485","12,355","0,08%"
"03.06.2014","12,345","12,450","12,450","12,065","0,98%"
"02.06.2014","12,225","12,080","12,285","12,080","0,99%"
"30.05.2014","12,105","12,150","12,230","12,105","-0,41%"
"29.05.2014","12,155","12,410","12,410","12,130","-1,74%"
"28.05.2014","12,370","12,460","12,460","12,370","-0,44%"
"27.05.2014","12,425","12,410","12,425","12,385","0,93%"
"26.05.2014","12,310","12,300","12,323","12,300","-0,16%"
"25.05.2014","12,330","12,330","12,330","12,330","0,00%"
"23.05.2014","12,330","12,340","12,340","12,300","0,33%"
"22.05.2014","12,290","12,280","12,300","12,265","-0,08%"
"21.05.2014","12,300","12,350","12,490","12,270","-0,77%"
"20.05.2014","12,395","12,465","12,465","12,370","-0,04%"
"19.05.2014","12,400","12,400","12,400","12,379","-0,16%"
"16.05.2014","12,420","12,430","12,430","12,360","-0,20%"
"15.05.2014","12,445","12,420","12,520","12,415","0,61%"
"14.05.2014","12,370","12,500","12,540","12,370","0,32%"
"13.05.2014","12,330","12,340","12,440","12,280","-0,08%"
"12.05.2014","12,340","12,200","12,430","12,200","0,41%"
"09.05.2014","12,290","12,380","12,380","12,130","0,00%"
"08.05.2014","12,290","12,180","12,330","12,180","0,82%"
"07.05.2014","12,190","12,370","12,370","12,150","-0,57%"
"06.05.2014","12,260","12,480","12,480","12,200","-1,29%"
"05.05.2014","12,420","12,350","12,460","12,330","0,24%"
"03.05.2014","12,390","12,390","12,390","12,390","0,00%"
"02.05.2014","12,390","12,500","12,630","12,350","-0,40%"
"30.04.2014","12,440","12,530","12,600","12,420","-0,48%"
"29.04.2014","12,500","12,470","12,560","12,440","0,24%"
"28.04.2014","12,470","12,450","12,650","12,430","0,16%"
"25.04.2014","12,450","12,480","12,500","12,360","0,00%"
"24.04.2014","12,450","12,560","12,560","12,400","-0,54%"
"23.04.2014","12,518","12,710","12,710","12,460","-0,89%"
"22.04.2014","12,630","12,620","12,740","12,580","-0,08%"
"17.04.2014","12,640","12,640","12,860","12,610","-0,86%"
"16.04.2014","12,750","12,670","12,780","12,640","0,47%"
"15.04.2014","12,690","12,760","12,780","12,660","0,08%"
"14.04.2014","12,680","12,620","12,700","12,520","1,12%"
"11.04.2014","12,540","12,650","12,670","12,540","-0,24%"
"10.04.2014","12,570","12,480","12,650","12,400","1,21%"
"09.04.2014","12,420","12,380","12,620","12,380","-0,08%"
"08.04.2014","12,430","12,560","12,560","12,260","-1,19%"
"07.04.2014","12,580","12,660","12,700","12,560","-1,10%"
"04.04.2014","12,720","12,850","12,850","12,620","-0,70%"
"03.04.2014","12,810","12,710","12,960","12,680","0,55%"
"02.04.2014","12,740","12,950","12,950","12,730","-0,55%"
"01.04.2014","12,810","12,850","12,930","12,780","0,08%"
"31.03.2014","12,800","12,720","12,825","12,690","0,79%"
"28.03.2014","12,700","12,630","12,760","12,550","1,20%"
"27.03.2014","12,550","12,760","12,850","12,550","-1,95%"
"26.03.2014","12,800","12,875","12,960","12,690","-0,54%"
"25.03.2014","12,870","13,050","13,160","12,870","-1,15%"
"24.03.2014","13,020","13,140","13,140","13,020","-0,95%"
"21.03.2014","13,145","13,230","13,230","13,100","-0,34%"
"20.03.2014","13,190","13,200","13,300","13,120","0,08%"
"19.03.2014","13,180","13,170","13,240","12,980","0,92%"
"18.03.2014","13,060","13,120","13,200","12,980","0,54%"
"17.03.2014","12,990","12,850","13,070","12,850","1,09%"
"14.03.2014","12,850","12,960","13,060","12,850","-0,46%"
"13.03.2014","12,910","12,800","12,950","12,790","0,31%"
"12.03.2014","12,870","13,160","13,160","12,830","0,00%"
"11.03.2014","12,870","12,940","12,948","12,775","-0,39%"
"10.03.2014","12,920","12,970","12,998","12,840","0,54%"
"09.03.2014","12,850","12,850","12,850","12,850","0,00%"
"07.03.2014","12,850","12,880","12,960","12,770","0,55%"
"06.03.2014","12,780","12,690","12,860","12,690","0,71%"
"05.03.2014","12,690","12,670","12,750","12,620","-0,08%"
"28.02.2014","12,700","12,470","12,750","12,400","2,17%"
"27.02.2014","12,430","12,575","12,705","12,420","-0,88%"
"26.02.2014","12,540","12,760","12,760","12,540","-1,10%"
"25.02.2014","12,680","12,740","12,790","12,610","-0,47%"
"24.02.2014","12,740","12,800","12,870","12,720","-0,39%"
"21.02.2014","12,790","12,960","13,020","12,770","-1,08%"
"20.02.2014","12,930","13,110","13,220","12,930","-1,37%"
"19.02.2014","13,110","13,000","13,200","13,000","0,15%"
"18.02.2014","13,090","13,140","13,230","13,000","0,00%"
"17.02.2014","13,090","13,160","13,160","13,070","-0,30%"
"14.02.2014","13,130","13,220","13,230","13,090","-0,45%"
"13.02.2014","13,190","13,370","13,450","13,180","-1,20%"
"12.02.2014","13,350","13,320","13,450","13,250","0,53%"
"11.02.2014","13,280","13,250","13,380","13,160","0,76%"
"10.02.2014","13,180","13,170","13,290","13,170","0,08%"
"07.02.2014","13,170","13,190","13,320","13,090","-0,38%"
"06.02.2014","13,220","13,280","13,340","13,140","-0,45%"
"05.02.2014","13,280","13,390","13,420","13,200","-0,81%"
"04.02.2014","13,388","13,500","13,520","13,320","-0,83%"
"03.02.2014","13,500","13,400","13,580","13,380","0,75%"
"31.01.2014","13,400","13,300","13,550","13,290","0,45%"
"30.01.2014","13,340","13,340","13,500","13,240","-0,15%"
"29.01.2014","13,360","13,300","13,520","13,270","0,30%"
"28.01.2014","13,320","13,220","13,360","13,160","0,76%"
"27.01.2014","13,220","13,060","13,300","13,050","1,23%"
"24.01.2014","13,060","13,210","13,490","13,030","-1,14%"
"23.01.2014","13,210","13,010","13,280","12,980","0,99%"
"22.01.2014","13,080","13,100","13,120","13,000","0,31%"
"21.01.2014","13,040","12,960","13,090","12,960","0,62%"
"20.01.2014","12,960","12,870","13,000","12,860","0,86%"
"17.01.2014","12,850","13,000","13,060","12,840","-0,93%"
"16.01.2014","12,970","13,060","13,200","12,930","-0,15%"
"15.01.2014","12,990","13,130","13,150","12,990","-0,69%"
"14.01.2014","13,080","12,990","13,170","12,945","0,77%"
"13.01.2014","12,980","13,100","13,120","12,945","-0,92%"
"10.01.2014","13,100","13,220","13,370","13,080","-1,06%"
"09.01.2014","13,240","13,250","13,400","13,220","-0,08%"
"08.01.2014","13,250","13,080","13,280","13,080","1,22%"
"07.01.2014","13,090","13,140","13,160","13,060","-0,30%"
"06.01.2014","13,130","13,120","13,200","13,115","0,08%"
"03.01.2014","13,120","13,160","13,270","13,115","-0,68%"
"02.01.2014","13,210","13,320","13,380","13,156","0,00%"
"31.12.2013","13,210","13,210","13,210","13,210","0,00%"
"30.12.2013","13,210","13,190","13,220","13,100","0,76%"
"27.12.2013","13,110","13,330","13,330","13,110","-0,83%"
"26.12.2013","13,220","13,180","13,350","13,140","0,30%"
"25.12.2013","13,180","13,180","13,180","13,180","0,00%"
"24.12.2013","13,180","13,180","13,180","13,180","0,00%"
"23.12.2013","13,180","13,240","13,250","13,090","-0,08%"
"20.12.2013","13,190","12,950","13,220","12,945","1,81%"
"19.12.2013","12,956","12,690","13,010","12,690","2,10%"
"18.12.2013","12,690","12,800","12,920","12,690","-0,70%"
"17.12.2013","12,780","12,760","12,810","12,670","0,24%"
"16.12.2013","12,750","12,820","12,820","12,720","-0,31%"
"14.12.2013","12,790","12,790","12,790","12,790","0,00%"
"13.12.2013","12,790","12,780","12,820","12,700","-0,78%"
"12.12.2013","12,890","12,810","12,890","12,800","0,47%"
"11.12.2013","12,830","12,830","12,900","12,780","0,63%"
"10.12.2013","12,750","12,975","12,975","12,750","-1,42%"
"09.12.2013","12,934","12,960","12,990","12,880","-0,43%"
"06.12.2013","12,990","13,060","13,180","12,880","-0,38%"
"05.12.2013","13,040","13,340","13,370","12,960","-2,18%"
"04.12.2013","13,330","13,260","13,370","13,130","0,60%"
"03.12.2013","13,250","13,180","13,290","13,090","0,45%"
"02.12.2013","13,190","13,000","13,195","12,880","1,93%"
"29.11.2013","12,940","12,880","12,960","12,770","0,86%"
"28.11.2013","12,830","12,660","12,900","12,610","0,63%"
"27.11.2013","12,750","12,710","12,770","12,610","1,11%"
"26.11.2013","12,610","12,670","12,750","12,580","-0,55%"
"25.11.2013","12,680","12,570","12,680","12,480","1,52%"
"22.11.2013","12,490","12,590","12,590","12,307","-0,16%"
"21.11.2013","12,510","12,390","12,520","12,320","1,87%"
"20.11.2013","12,280","12,280","12,280","12,280","0,49%"
"19.11.2013","12,220","12,020","12,250","12,008","1,50%"
"18.11.2013","12,040","12,230","12,230","12,020","-1,15%"
"17.11.2013","12,180","12,180","12,180","12,180","0,00%"
"15.11.2013","12,180","12,180","12,180","12,180","0,00%"
"14.11.2013","12,180","12,300","12,310","12,160","-1,14%"
"13.11.2013","12,320","12,330","12,350","12,210","-0,56%"
"12.11.2013","12,390","12,580","12,650","12,350","-0,88%"
"11.11.2013","12,500","12,400","12,610","12,320","0,73%"
"08.11.2013","12,410","12,320","12,590","12,300","1,06%"
"07.11.2013","12,280","12,270","12,370","12,130","0,82%"
"06.11.2013","12,180","12,160","12,300","12,110","0,16%"
"05.11.2013","12,160","12,050","12,240","11,910","2,10%"
"04.11.2013","11,910","11,810","12,000","11,790","0,42%"
"03.11.2013","11,860","11,860","11,860","11,860","0,00%"
"01.11.2013","11,860","11,770","11,970","11,680","1,11%"
"31.10.2013","11,730","11,570","11,810","11,510","1,30%"
"30.10.2013","11,580","11,570","11,580","11,440","0,61%"
"29.10.2013","11,510","11,490","11,510","11,370","1,05%"
"28.10.2013","11,390","11,470","11,516","11,370","-0,35%"
"27.10.2013","11,430","11,430","11,430","11,430","0,00%"
"25.10.2013","11,430","11,520","11,598","11,430","-0,87%"
"24.10.2013","11,530","11,670","11,670","11,530","-2,45%"
"23.10.2013","11,820","11,870","11,870","11,580","0,60%"
"22.10.2013","11,750","11,940","11,940","11,690","-0,68%"
"21.10.2013","11,830","11,790","11,870","11,710","0,68%"
"18.10.2013","11,750","11,610","11,850","11,590","1,21%"
"17.10.2013","11,610","11,660","11,680","11,580","-0,77%"
"16.10.2013","11,700","11,695","11,740","11,630","0,17%"
"15.10.2013","11,680","11,725","11,810","11,640","0,13%"
"14.10.2013","11,665","11,715","11,715","11,570","0,91%"
"11.10.2013","11,560","11,625","11,635","11,540","0,00%"
"10.10.2013","11,560","11,650","11,680","11,500","-0,94%"
"09.10.2013","11,670","11,710","11,710","11,560","0,17%"
"08.10.2013","11,650","11,810","11,810","11,610","-0,17%"
"07.10.2013","11,670","11,810","11,840","11,610","-0,51%"
"04.10.2013","11,730","11,750","11,810","11,700","0,09%"
"03.10.2013","11,720","11,810","11,840","11,630","0,09%"
"02.10.2013","11,710","11,780","11,820","11,660","-0,26%"
"01.10.2013","11,740","11,760","11,850","11,610","0,34%"
"30.09.2013","11,700","11,810","11,810","11,670","-0,09%"
"29.09.2013","11,710","11,710","11,710","11,710","0,00%"
"27.09.2013","11,710","11,760","11,770","11,630","0,17%"
"26.09.2013","11,690","11,690","11,710","11,530","0,69%"
"25.09.2013","11,610","11,480","11,630","11,430","2,02%"
"24.09.2013","11,380","11,550","11,560","11,380","-1,11%"
"23.09.2013","11,508","11,550","11,577","11,420","0,59%"
"22.09.2013","11,440","11,440","11,440","11,440","0,00%"
"20.09.2013","11,440","11,580","11,580","11,370","-0,61%"
"19.09.2013","11,510","11,550","11,680","11,320","-0,09%"
"18.09.2013","11,520","11,940","11,990","11,510","-3,44%"
"17.09.2013","11,930","12,080","12,080","11,880","0,06%"
"16.09.2013","11,923","11,840","11,990","11,840","-0,39%"
"15.09.2013","11,970","11,970","11,970","11,970","0,00%"
"13.09.2013","11,970","12,030","12,030","11,810","-0,08%"
"12.09.2013","11,980","11,940","12,030","11,810","1,35%"
"11.09.2013","11,820","11,940","11,953","11,790","-0,17%"
"10.09.2013","11,840","11,970","11,990","11,800","-0,17%"
"09.09.2013","11,860","11,810","11,990","11,730","-0,75%"
"08.09.2013","11,950","11,950","11,950","11,950","0,00%"
"07.09.2013","11,950","11,950","11,950","11,950","0,00%"
"06.09.2013","11,950","12,140","12,140","11,740","-1,24%"
"05.09.2013","12,100","12,210","12,250","12,090","-0,33%"
"04.09.2013","12,140","12,150","12,170","12,005","0,25%"
"03.09.2013","12,110","12,200","12,260","12,060","0,25%"
"02.09.2013","12,080","12,040","12,120","11,970","0,83%"
"01.09.2013","11,980","11,980","11,980","11,980","0,00%"
"30.08.2013","11,980","12,140","12,140","11,980","-0,83%"
"29.08.2013","12,080","11,760","12,080","11,760","2,63%"
"28.08.2013","11,770","11,900","11,919","11,620","0,00%"
"27.08.2013","11,770","11,910","12,010","11,750","-0,08%"
"26.08.2013","11,780","11,810","11,870","11,610","0,34%"
"23.08.2013","11,740","12,000","12,010","11,720","-3,77%"
"22.08.2013","12,200","12,290","12,370","12,080","-0,81%"
"21.08.2013","12,300","11,810","12,320","11,810","4,06%"
"20.08.2013","11,820","11,810","12,170","11,790","-1,25%"
"19.08.2013","11,970","11,810","12,070","11,810","1,35%"
"16.08.2013","11,810","11,740","11,930","11,600","1,55%"
"15.08.2013","11,630","11,680","11,850","11,530","-0,17%"
"14.08.2013","11,650","11,575","11,720","11,380","1,35%"
"13.08.2013","11,495","11,355","11,515","11,355","1,91%"
"12.08.2013","11,280","11,095","11,335","11,030","1,90%"
"11.08.2013","11,070","11,070","11,070","11,070","0,00%"
"10.08.2013","11,070","11,070","11,070","11,070","0,00%"
"09.08.2013","11,070","11,230","11,240","11,030","-0,98%"
"08.08.2013","11,180","11,310","11,310","11,110","-0,18%"
"07.08.2013","11,200","11,120","11,230","11,060","1,45%"
"06.08.2013","11,040","10,930","11,110","10,850","1,10%"
"05.08.2013","10,920","10,960","11,080","10,900","-0,64%"
"02.08.2013","10,990","11,110","11,250","10,930","-1,08%"
"01.08.2013","11,110","10,940","11,160","10,860","1,09%"
"31.07.2013","10,990","11,100","11,140","10,890","-0,09%"
"30.07.2013","11,000","11,060","11,140","10,870","0,18%"
"29.07.2013","10,980","10,765","11,030","10,765","1,57%"
"27.07.2013","10,810","10,810","10,830","10,810","0,00%"
"26.07.2013","10,810","10,840","10,870","10,715","0,46%"
"25.07.2013","10,760","10,690","10,920","10,690","0,75%"
"24.07.2013","10,680","10,630","10,770","10,480","1,62%"
"23.07.2013","10,510","10,640","10,640","10,390","-0,66%"
"22.07.2013","10,580","10,680","10,680","10,550","-0,19%"
"19.07.2013","10,600","10,610","10,670","10,549","0,09%"
"18.07.2013","10,590","10,750","10,815","10,540","-1,03%"
"17.07.2013","10,700","10,880","10,970","10,670","-0,83%"
"16.07.2013","10,790","10,770","10,960","10,760","-0,46%"
"15.07.2013","10,840","11,100","11,120","10,710","-1,54%"
"13.07.2013","11,010","11,050","11,050","11,010","0,00%"
"12.07.2013","11,010","11,050","11,120","10,950","-0,90%"
"11.07.2013","11,110","11,020","11,130","10,930","0,73%"
"10.07.2013","11,030","11,240","11,240","11,030","-1,43%"
"09.07.2013","11,190","11,190","11,190","11,190","0,00%"
"08.07.2013","11,190","11,250","11,250","11,130","-0,89%"
"05.07.2013","11,290","11,300","11,470","11,130","0,53%"
"04.07.2013","11,230","11,050","11,260","10,910","1,63%"
"03.07.2013","11,050","10,900","11,050","10,900","0,82%"
"02.07.2013","10,960","11,060","11,060","10,880","-1,08%"
"01.07.2013","11,080","11,160","11,270","10,990","-0,89%"
"28.06.2013","11,180","10,910","11,180","10,850","2,57%"
"27.06.2013","10,900","10,960","10,990","10,810","-0,73%"
"26.06.2013","10,980","10,930","11,020","10,820","-0,36%"
"25.06.2013","11,020","11,080","11,160","10,880","-2,48%"
"24.06.2013","11,300","11,590","11,780","11,300","-2,33%"
"23.06.2013","11,570","11,570","11,570","11,570","0,00%"
"21.06.2013","11,570","11,510","11,950","11,390","-1,53%"
"20.06.2013","11,750","11,530","11,870","11,440","1,91%"
"19.06.2013","11,530","11,110","11,620","10,920","3,59%"
"18.06.2013","11,130","11,070","11,300","10,960","0,82%"
"17.06.2013","11,040","10,770","11,040","10,680","2,70%"
"16.06.2013","10,750","10,750","10,750","10,750","0,00%"
"14.06.2013","10,750","10,680","10,770","10,540","1,70%"
"13.06.2013","10,570","10,890","11,100","10,570","-4,08%"
"12.06.2013","11,020","10,730","11,100","10,530","2,89%"
"11.06.2013","10,710","11,120","11,120","10,700","-0,09%"
"10.06.2013","10,720","10,405","10,770","10,405","3,28%"
"08.06.2013","10,380","10,380","10,380","10,380","0,00%"
"07.06.2013","10,380","10,560","10,600","10,360","-0,19%"
"06.06.2013","10,400","10,350","10,670","10,300","1,36%"
"05.06.2013","10,260","10,305","10,370","10,000","-2,19%"
"04.06.2013","10,490","10,575","10,575","10,405","0,10%"
"03.06.2013","10,480","10,580","10,660","10,475","-0,38%"
"31.05.2013","10,520","10,350","10,530","10,240","2,63%"
"30.05.2013","10,250","10,250","10,250","10,250","0,00%"
"29.05.2013","10,250","10,500","10,500","10,195","-1,44%"
"28.05.2013","10,400","10,240","10,480","10,220","1,96%"
"27.05.2013","10,200","10,220","10,230","10,113","0,10%"
"25.05.2013","10,190","10,190","10,190","10,190","0,00%"
"24.05.2013","10,190","10,200","10,220","10,140","0,49%"
"23.05.2013","10,140","10,190","10,210","10,100","0,20%"
"22.05.2013","10,120","10,170","10,170","9,960","0,60%"
"21.05.2013","10,060","10,060","10,090","9,960","0,90%"
"20.05.2013","9,970","9,870","10,030","9,840","1,22%"
"17.05.2013","9,850","9,920","9,950","9,840","-0,10%"
"16.05.2013","9,860","9,960","9,980","9,820","-0,40%"
"15.05.2013","9,900","9,980","10,060","9,900","-0,50%"
"14.05.2013","9,950","9,790","9,990","9,741","2,05%"
"13.05.2013","9,750","9,810","9,820","9,740","0,00%"
"10.05.2013","9,750","9,680","9,810","9,670","1,14%"
"09.05.2013","9,640","9,530","9,640","9,510","1,37%"
"08.05.2013","9,510","9,510","9,540","9,436","0,53%"
"07.05.2013","9,460","9,440","9,540","9,397","-0,11%"
"06.05.2013","9,470","9,470","9,610","9,460","-0,11%"
"03.05.2013","9,480","9,560","9,580","9,470","0,11%"
"02.05.2013","9,470","9,670","9,670","9,470","-1,46%"
"01.05.2013","9,610","9,610","9,610","9,610","0,00%"
"30.04.2013","9,610","9,760","9,760","9,590","-0,72%"
"29.04.2013","9,680","9,680","9,730","9,630","0,52%"
"26.04.2013","9,630","9,810","9,810","9,620","-0,52%"
"25.04.2013","9,680","9,690","9,740","9,630","-0,31%"
"24.04.2013","9,710","9,620","9,710","9,580","0,94%"
"23.04.2013","9,620","9,655","9,660","9,538","0,42%"
"22.04.2013","9,580","9,590","9,750","9,550","-0,42%"
"20.04.2013","9,620","9,620","9,620","9,620","0,00%"
"19.04.2013","9,620","9,745","9,765","9,590","-1,03%"
"18.04.2013","9,720","9,690","9,720","9,600","1,04%"
"17.04.2013","9,620","9,740","9,740","9,610","-0,82%"
"16.04.2013","9,700","9,700","9,720","9,610","0,62%"
"15.04.2013","9,640","9,670","9,770","9,610","-0,31%"
"12.04.2013","9,670","9,630","9,720","9,567","0,21%"
"11.04.2013","9,650","9,660","9,671","9,530","0,63%"
"10.04.2013","9,590","9,710","9,710","9,533","-0,52%"
"09.04.2013","9,640","9,630","9,700","9,520","0,31%"
"08.04.2013","9,610","9,575","9,680","9,570","0,31%"
"05.04.2013","9,580","9,880","9,910","9,550","-3,23%"
"04.04.2013","9,900","10,040","10,040","9,900","-1,59%"
"03.04.2013","10,060","10,040","10,130","9,960","0,20%"
"02.04.2013","10,040","10,040","10,080","9,930","-0,20%"
"01.04.2013","10,060","10,035","10,190","9,990","-0,40%"
"29.03.2013","10,100","10,100","10,100","10,100","0,00%"
"28.03.2013","10,100","9,890","10,140","9,800","2,33%"
"27.03.2013","9,870","9,812","9,880","9,730","0,82%"
"26.03.2013","9,790","9,789","9,890","9,746","-0,71%"
"25.03.2013","9,860","9,890","9,900","9,750","0,61%"
"22.03.2013","9,800","9,810","9,900","9,800","-0,41%"
"21.03.2013","9,840","9,780","9,920","9,680","1,23%"
"20.03.2013","9,720","9,720","9,750","9,590","0,62%"
"19.03.2013","9,660","9,720","9,730","9,620","-0,41%"
"18.03.2013","9,700","9,730","9,735","9,564","0,52%"
"17.03.2013","9,650","9,650","9,650","9,650","0,00%"
"15.03.2013","9,650","9,750","9,780","9,600","-0,82%"
"14.03.2013","9,730","9,700","9,770","9,630","0,83%"
"13.03.2013","9,650","9,670","9,760","9,610","0,42%"
"12.03.2013","9,610","9,480","9,640","9,480","1,37%"
"11.03.2013","9,480","9,430","9,550","9,410","0,64%"
"08.03.2013","9,420","9,320","9,520","9,320","0,53%"
"07.03.2013","9,370","9,290","9,420","9,240","1,19%"
"06.03.2013","9,260","9,370","9,370","9,230","-0,22%"
"05.03.2013","9,280","9,470","9,470","9,270","-1,59%"
"04.03.2013","9,430","9,400","9,490","9,390","0,21%"
"01.03.2013","9,410","9,480","9,500","9,390","-0,53%"
"28.02.2013","9,460","9,520","9,530","9,410","-0,11%"
"27.02.2013","9,470","9,460","9,510","9,350","0,32%"
"26.02.2013","9,440","9,490","9,490","9,352","-0,42%"
"25.02.2013","9,480","9,540","9,550","9,344","-0,32%"
"22.02.2013","9,510","9,490","9,580","9,434","-0,31%"
"21.02.2013","9,540","9,500","9,540","9,445","0,42%"
"20.02.2013","9,500","9,635","9,665","9,460","-1,09%"
"19.02.2013","9,605","9,555","9,635","9,425","0,31%"
"18.02.2013","9,575","9,575","9,625","9,431","0,52%"
"17.02.2013","9,525","9,525","9,525","9,525","0,00%"
"16.02.2013","9,525","9,525","9,525","9,525","0,00%"
"15.02.2013","9,525","9,660","9,690","9,510","-1,40%"
"14.02.2013","9,660","9,740","9,740","9,627","-0,10%"
"13.02.2013","9,670","9,770","9,770","9,650","-0,41%"
"09.02.2013","9,710","9,710","9,710","9,710","0,00%"
"08.02.2013","9,710","9,710","9,780","9,535","0,21%"
"07.02.2013","9,690","9,690","9,745","9,620","0,31%"
"06.02.2013","9,660","9,740","9,770","9,536","0,07%"
"05.02.2013","9,653","9,590","9,720","9,527","1,18%"
"04.02.2013","9,540","9,411","9,560","9,411","0,23%"
"01.02.2013","9,518","9,550","9,630","9,490","-0,34%"
"31.01.2013","9,550","9,590","9,590","9,493","0,00%"
"30.01.2013","9,550","9,445","9,580","9,414","0,84%"
"29.01.2013","9,470","9,490","9,490","9,405","-0,21%"
"28.01.2013","9,490","9,490","9,580","9,421","0,11%"
"25.01.2013","9,480","9,480","9,480","9,480","0,00%"
"24.01.2013","9,480","9,470","9,520","9,370","0,93%"
"23.01.2013","9,393","9,510","9,510","9,360","0,03%"
"22.01.2013","9,390","9,370","9,470","9,340","0,54%"
"21.01.2013","9,340","9,410","9,420","9,337","-0,85%"
"18.01.2013","9,420","9,400","9,460","9,350","0,00%"
"17.01.2013","9,420","9,320","9,420","9,223","2,06%"
"16.01.2013","9,230","9,300","9,320","9,220","-0,11%"
"15.01.2013","9,240","9,250","9,270","9,180","0,54%"
"14.01.2013","9,190","9,210","9,230","9,170","-0,54%"
"13.01.2013","9,240","9,240","9,240","9,240","0,00%"
"11.01.2013","9,240","9,275","9,275","9,195","-0,32%"
"10.01.2013","9,270","9,350","9,350","9,225","-0,43%"
"09.01.2013","9,310","9,360","9,370","9,235","0,00%"
"08.01.2013","9,310","9,290","9,340","9,150","1,42%"
"07.01.2013","9,180","9,160","9,230","9,125","0,22%"
"05.01.2013","9,160","9,160","9,160","9,160","0,00%"
"04.01.2013","9,160","9,110","9,220","9,110","0,55%"
"03.01.2013","9,110","9,110","9,170","9,075","-0,65%"
"02.01.2013","9,170","9,240","9,290","9,090","-0,11%"
"01.01.2013","9,180","9,180","9,180","9,180","0,00%"
"31.12.2012","9,180","9,180","9,180","9,180","0,00%"
"30.12.2012","9,180","9,180","9,180","9,180","0,00%"
"28.12.2012","9,180","9,180","9,267","9,160","-1,36%"
"27.12.2012","9,307","9,300","9,307","9,190","-0,14%"
"26.12.2012","9,320","9,440","9,440","9,260","0,22%"
"24.12.2012","9,300","9,300","9,300","9,300","0,00%"
"23.12.2012","9,300","9,300","9,300","9,300","0,00%"
"22.12.2012","9,300","9,300","9,300","9,300","0,00%"
"21.12.2012","9,300","9,350","9,450","9,240","-0,21%"
"20.12.2012","9,320","9,140","9,400","9,140","0,43%"
"19.12.2012","9,280","9,240","9,280","9,180","0,98%"
"18.12.2012","9,190","9,160","9,250","9,160","0,22%"
"17.12.2012","9,170","9,190","9,230","9,150","-1,07%"
"14.12.2012","9,269","9,140","9,269","9,140","0,31%"
"13.12.2012","9,240","9,190","9,272","9,140","-0,43%"
"12.12.2012","9,280","9,370","9,370","9,250","-0,22%"
"11.12.2012","9,300","9,270","9,351","9,200","1,09%"
"10.12.2012","9,200","9,150","9,250","9,100","0,66%"
"07.12.2012","9,140","9,190","9,200","9,100","-0,54%"
"06.12.2012","9,190","9,250","9,300","9,091","-1,82%"
"05.12.2012","9,360","9,370","9,370","9,290","0,43%"
"04.12.2012","9,320","9,430","9,490","9,312","-1,06%"
"03.12.2012","9,420","9,460","9,500","9,420","-0,32%"
"30.11.2012","9,450","9,440","9,520","9,340","-0,05%"
"29.11.2012","9,455","9,510","9,533","9,440","0,41%"
"28.11.2012","9,416","9,410","9,460","9,370","0,06%"
"27.11.2012","9,410","9,460","9,460","9,380","-0,53%"
"26.11.2012","9,460","9,455","9,470","9,420","0,00%"
"23.11.2012","9,460","9,520","9,540","9,455","-0,77%"
"22.11.2012","9,533","9,480","9,550","9,450","0,03%"
"21.11.2012","9,530","9,500","9,623","9,500","0,53%"
"19.11.2012","9,480","9,485","9,510","9,420","0,03%"
"16.11.2012","9,477","9,525","9,650","9,436","-1,18%"
"14.11.2012","9,590","9,460","9,600","9,440","1,37%"
"13.11.2012","9,460","9,370","9,540","9,370","0,85%"
"12.11.2012","9,380","9,340","9,460","9,340","-0,42%"
"09.11.2012","9,420","9,330","9,420","9,330","0,21%"
"08.11.2012","9,400","9,290","9,400","9,290","0,75%"
"07.11.2012","9,330","9,280","9,330","9,280","0,32%"
"06.11.2012","9,300","9,190","9,310","9,165","1,31%"
"05.11.2012","9,180","9,230","9,280","9,180","-0,60%"
"03.11.2012","9,235","9,235","9,235","9,235","0,00%"
"02.11.2012","9,235","9,235","9,235","9,235","0,00%"
"01.11.2012","9,235","9,120","9,235","9,120","0,05%"
"31.10.2012","9,230","9,240","9,240","9,160","0,65%"
"30.10.2012","9,170","9,170","9,170","9,130","-0,11%"
"29.10.2012","9,180","9,170","9,200","9,100","-0,11%"
"26.10.2012","9,190","9,280","9,310","9,150","-0,86%"
"25.10.2012","9,270","9,320","9,410","9,270","-1,07%"
"24.10.2012","9,370","9,430","9,450","9,320","0,11%"
"23.10.2012","9,360","9,390","9,410","9,300","-0,32%"
"22.10.2012","9,390","9,450","9,510","9,380","-0,63%"
"19.10.2012","9,450","9,490","9,560","9,430","-0,42%"
"18.10.2012","9,490","9,530","9,630","9,400","-0,63%"
"17.10.2012","9,550","9,530","9,550","9,360","0,84%"
"16.10.2012","9,470","9,600","9,600","9,405","-1,15%"
"15.10.2012","9,580","9,550","9,650","9,540","-0,73%"
"12.10.2012","9,650","9,650","9,650","9,650","0,00%"
"11.10.2012","9,650","9,520","9,650","9,494","0,00%"
"10.10.2012","9,650","9,630","9,680","9,630","0,31%"
"09.10.2012","9,620","9,630","9,660","9,620","-0,62%"
"08.10.2012","9,680","9,660","9,720","9,650","0,00%"
"05.10.2012","9,680","9,700","9,700","9,680","-1,53%"
"04.10.2012","9,830","9,780","9,830","9,780","0,31%"
"03.10.2012","9,800","9,810","9,810","9,750","-0,20%"
"02.10.2012","9,820","9,780","9,840","9,730","-0,20%"
"01.10.2012","9,840","9,780","9,840","9,770","0,56%"
"28.09.2012","9,785","9,860","9,860","9,735","-0,96%"
"27.09.2012","9,880","9,850","9,880","9,830","-0,05%"
"26.09.2012","9,885","9,950","9,950","9,840","0,36%"
"25.09.2012","9,850","9,880","9,960","9,850","-0,91%"
"24.09.2012","9,940","9,960","9,970","9,910","-0,30%"
"23.09.2012","9,970","9,970","9,970","9,970","0,00%"
"22.09.2012","9,970","9,970","9,970","9,970","0,00%"
"21.09.2012","9,970","9,920","9,970","9,909","0,40%"
"20.09.2012","9,930","9,940","10,010","9,810","-0,30%"
"19.09.2012","9,960","9,936","10,010","9,910","0,24%"
"18.09.2012","9,936","9,910","9,980","9,880","-0,34%"
"17.09.2012","9,970","9,946","9,970","9,860","0,10%"
"14.09.2012","9,960","10,070","10,070","9,940","2,26%"
"13.09.2012","9,740","9,740","9,740","9,740","0,00%"
"12.09.2012","9,740","9,770","9,770","9,710","0,31%"
"11.09.2012","9,710","9,720","9,720","9,710","-0,21%"
"10.09.2012","9,730","9,680","9,730","9,680","0,31%"
"07.09.2012","9,700","9,700","9,700","9,700","0,00%"
"06.09.2012","9,700","9,590","9,750","9,590","0,52%"
"05.09.2012","9,650","9,640","9,690","9,600","0,21%"
"04.09.2012","9,630","9,580","9,680","9,580","0,31%"
"03.09.2012","9,600","9,590","9,600","9,530","0,31%"
"31.08.2012","9,570","9,650","9,650","9,570","-1,44%"
"30.08.2012","9,710","9,680","9,820","9,680","-1,12%"
"29.08.2012","9,820","9,720","9,830","9,720","0,72%"
"28.08.2012","9,750","9,800","9,800","9,740","-0,71%"
"27.08.2012","9,820","9,840","9,840","9,790","-0,10%"
"24.08.2012","9,830","9,830","9,870","9,830","-1,31%"
"23.08.2012","9,960","10,040","10,040","9,930","-0,40%"
"22.08.2012","10,000","9,920","10,048","9,920","1,11%"
"21.08.2012","9,890","10,070","10,120","9,880","-1,00%"
"20.08.2012","9,990","10,010","10,020","9,820","2,67%"
"17.08.2012","9,730","9,780","9,800","9,628","-0,51%"
"16.08.2012","9,780","9,710","9,820","9,670","1,45%"
"15.08.2012","9,640","9,660","9,730","9,590","-0,31%"
"14.08.2012","9,670","9,640","9,690","9,640","0,00%"
"13.08.2012","9,670","9,730","9,770","9,660","-0,82%"
"10.08.2012","9,750","9,610","9,770","9,525","2,20%"
"09.08.2012","9,540","9,550","9,559","9,540","0,42%"
"08.08.2012","9,500","9,500","9,570","9,470","0,64%"
"07.08.2012","9,440","9,470","9,520","9,395","-0,11%"
"06.08.2012","9,450","9,450","9,450","9,410","-0,63%"
"05.08.2012","9,510","9,510","9,510","9,510","0,00%"
"03.08.2012","9,510","9,420","9,510","9,375","1,28%"
"02.08.2012","9,390","9,420","9,480","9,350","-0,11%"
"01.08.2012","9,400","9,440","9,500","9,370","-0,63%"
"31.07.2012","9,460","9,600","9,600","9,440","-1,05%"
"30.07.2012","9,560","9,545","9,620","9,505","-0,31%"
"27.07.2012","9,590","9,470","9,600","9,420","1,59%"
"26.07.2012","9,440","9,410","9,440","9,310","0,43%"
"25.07.2012","9,400","9,490","9,510","9,360","-0,95%"
"24.07.2012","9,490","9,294","9,490","9,294","1,28%"
"23.07.2012","9,370","9,370","9,390","9,280","0,54%"
"20.07.2012","9,320","9,530","9,530","9,300","-1,06%"
"19.07.2012","9,420","9,480","9,630","9,380","-1,67%"
"18.07.2012","9,580","9,650","9,700","9,530","-0,83%"
"17.07.2012","9,660","9,630","9,707","9,600","1,15%"
"16.07.2012","9,550","9,620","9,650","9,450","-0,93%"
"13.07.2012","9,640","9,810","9,810","9,550","-0,92%"
"12.07.2012","9,730","9,660","9,740","9,590","0,41%"
"11.07.2012","9,690","9,780","9,820","9,630","-0,92%"
"10.07.2012","9,780","9,830","9,890","9,770","-2,27%"
"09.07.2012","10,007","9,920","10,007","9,823","0,88%"
"08.07.2012","9,920","9,920","9,920","9,920","0,00%"
"07.07.2012","9,920","9,920","9,920","9,920","0,00%"
"06.07.2012","9,920","9,990","10,015","9,830","-0,21%"
"05.07.2012","9,941","9,830","10,191","9,830","0,11%"
"04.07.2012","9,930","9,770","10,181","9,770","0,51%"
"03.07.2012","9,880","9,881","9,920","9,752","0,65%"
"02.07.2012","9,816","9,920","10,191","9,816","-1,05%"
"01.07.2012","9,920","9,920","9,920","9,920","0,00%"
"29.06.2012","9,920","10,301","10,301","9,920","-3,23%"
"28.06.2012","10,251","10,151","10,261","9,939","3,23%"
"27.06.2012","9,930","9,920","10,221","9,836","0,30%"
"26.06.2012","9,900","9,710","10,228","9,710","0,51%"
"25.06.2012","9,850","9,880","10,161","9,830","-3,72%"
"22.06.2012","10,231","10,201","10,231","9,942","-0,58%"
"21.06.2012","10,291","10,050","10,291","9,990","2,09%"
"20.06.2012","10,080","10,120","10,321","10,009","-2,24%"
"19.06.2012","10,311","10,177","10,311","10,124","0,89%"
"18.06.2012","10,220","10,330","10,354","10,220","-2,96%"
"16.06.2012","10,532","10,532","10,532","10,532","0,00%"
"15.06.2012","10,532","10,372","10,542","10,202","0,96%"
"14.06.2012","10,432","10,442","10,472","10,240","-0,57%"
"13.06.2012","10,492","10,532","10,532","10,250","-0,29%"
"12.06.2012","10,522","10,484","10,572","10,349","-1,22%"
"11.06.2012","10,652","10,442","10,672","10,302","1,33%"
"08.06.2012","10,512","10,672","10,672","10,344","-1,87%"
"07.06.2012","10,712","10,712","10,712","10,712","0,00%"
"06.06.2012","10,712","10,872","10,873","10,520","-1,48%"
"05.06.2012","10,873","10,873","11,003","10,630","0,01%"
"04.06.2012","10,872","10,400","10,983","10,400","4,54%"
"01.06.2012","10,400","10,316","10,400","10,228","-0,69%"
"31.05.2012","10,472","10,070","10,492","10,070","1,56%"
"30.05.2012","10,311","10,201","10,371","9,995","0,39%"
"29.05.2012","10,271","10,421","10,421","10,070","0,20%"
"28.05.2012","10,250","10,320","10,522","10,214","-2,40%"
"27.05.2012","10,502","10,502","10,502","10,502","1,76%"
"25.05.2012","10,320","10,420","10,420","10,270","-0,96%"
"24.05.2012","10,420","10,360","10,622","10,260","1,36%"
"23.05.2012","10,280","10,450","10,472","10,170","-1,72%"
"22.05.2012","10,460","10,090","10,652","10,080","3,36%"
"21.05.2012","10,120","10,120","10,301","9,990","1,00%"
"18.05.2012","10,020","10,040","10,221","9,930","-0,89%"
"17.05.2012","10,110","10,170","10,320","10,030","-0,69%"
"16.05.2012","10,180","10,180","10,280","10,160","-0,68%"
"15.05.2012","10,250","10,310","10,482","10,200","-0,49%"
"14.05.2012","10,300","10,320","10,472","10,200","0,19%"
"11.05.2012","10,280","10,100","10,432","10,070","1,08%"
"10.05.2012","10,170","10,440","10,602","10,150","-2,31%"
"09.05.2012","10,410","10,220","10,592","10,220","1,66%"
"08.05.2012","10,240","10,050","10,371","9,930","2,30%"
"07.05.2012","10,010","10,175","10,558","9,860","-1,38%"
"06.05.2012","10,150","10,150","10,150","10,150","0,00%"
"04.05.2012","10,150","10,592","10,592","10,080","-3,52%"
"03.05.2012","10,520","10,660","10,678","10,460","-0,57%"
"02.05.2012","10,580","10,650","10,770","10,510","-1,21%"
"01.05.2012","10,710","10,710","10,710","10,710","0,00%"
"30.04.2012","10,710","10,555","10,832","10,555","0,28%"
"27.04.2012","10,680","10,650","10,782","10,550","0,28%"
"26.04.2012","10,650","10,510","10,742","10,450","1,04%"
"25.04.2012","10,540","10,650","10,742","10,520","-1,13%"
"24.04.2012","10,660","10,882","10,882","10,640","-0,93%"
"23.04.2012","10,760","10,755","10,943","10,730","-0,09%"
"20.04.2012","10,770","10,740","10,800","10,720","0,00%"
"19.04.2012","10,770","10,760","10,903","10,610","0,19%"
"18.04.2012","10,750","10,760","10,903","10,670","-0,09%"
"17.04.2012","10,760","10,820","10,923","10,750","-0,28%"
"16.04.2012","10,790","10,760","10,943","10,740","0,09%"
"14.04.2012","10,780","10,780","10,780","10,780","0,00%"
"13.04.2012","10,780","10,840","10,943","10,740","-0,19%"
"12.04.2012","10,800","10,892","10,973","10,750","0,19%"
"11.04.2012","10,780","10,842","10,943","10,744","0,56%"
"10.04.2012","10,720","11,120","11,120","10,700","-1,38%"
"09.04.2012","10,870","10,950","11,073","10,840","-1,36%"
"08.04.2012","11,020","11,020","11,020","11,020","0,00%"
"06.04.2012","11,020","11,020","11,020","11,020","0,00%"
"05.04.2012","11,020","11,060","11,163","11,000","-1,17%"
"04.04.2012","11,150","11,180","11,304","11,070","-0,27%"
"03.04.2012","11,180","11,050","11,274","11,050","0,99%"
"02.04.2012","11,070","11,160","11,193","11,060","-1,55%"
"30.03.2012","11,244","11,160","11,254","11,100","0,75%"
"29.03.2012","11,160","11,140","11,170","11,073","0,36%"
"28.03.2012","11,120","11,180","11,294","11,120","-0,71%"
"27.03.2012","11,200","11,320","11,344","11,190","-1,70%"
"26.03.2012","11,394","11,410","11,444","11,250","0,26%"
"23.03.2012","11,364","11,424","11,424","11,245","-0,53%"
"22.03.2012","11,424","11,410","11,424","11,270","-0,70%"
"21.03.2012","11,504","11,510","11,554","11,410","0,38%"
"20.03.2012","11,460","11,604","11,695","11,460","-1,24%"
"19.03.2012","11,604","11,330","11,614","11,330","2,01%"
"16.03.2012","11,375","11,270","11,500","11,270","0,40%"
"15.03.2012","11,330","11,460","11,500","11,330","-2,02%"
"14.03.2012","11,564","11,330","11,604","11,265","1,40%"
"13.03.2012","11,404","11,264","11,404","11,130","1,25%"
"12.03.2012","11,263","11,155","11,280","11,036","2,06%"
"10.03.2012","11,036","11,036","11,036","11,036","0,00%"
"09.03.2012","11,036","11,273","11,294","11,020","-1,29%"
"08.03.2012","11,180","11,265","11,384","11,155","-0,89%"
"07.03.2012","11,280","11,220","11,384","11,220","-0,09%"
"06.03.2012","11,290","11,300","11,394","11,230","0,00%"
"05.03.2012","11,290","11,320","11,434","11,000","1,90%"
"02.03.2012","11,080","11,384","11,414","11,030","-0,09%"
"01.03.2012","11,090","10,970","11,434","10,970","-2,67%"
"29.02.2012","11,394","11,000","11,414","10,990","0,00%"
"28.02.2012","11,394","11,414","11,443","11,070","1,91%"
"27.02.2012","11,180","11,275","11,504","11,110","-2,39%"
"25.02.2012","11,454","11,454","11,454","11,454","2,73%"
"24.02.2012","11,150","11,120","11,474","11,040","-1,54%"
"23.02.2012","11,324","10,930","11,324","10,930","2,59%"
"22.02.2012","11,038","11,053","11,090","10,860","1,36%"
"20.02.2012","10,890","10,890","10,890","10,890","0,00%"
"19.02.2012","10,890","10,890","10,890","10,890","0,00%"
"17.02.2012","10,890","11,070","11,070","10,870","-0,37%"
"16.02.2012","10,930","11,173","11,254","10,860","0,18%"
"15.02.2012","10,910","10,930","11,200","10,860","-0,09%"
"14.02.2012","10,920","11,314","11,334","10,850","-0,91%"
"13.02.2012","11,020","11,490","11,490","10,954","-0,09%"
"10.02.2012","11,030","11,490","11,584","11,030","-1,52%"
"09.02.2012","11,200","11,510","11,644","11,200","-0,44%"
"08.02.2012","11,250","11,470","11,604","11,200","0,27%"
"07.02.2012","11,220","11,360","11,564","11,140","-0,18%"
"06.02.2012","11,240","11,390","11,544","11,140","0,54%"
"03.02.2012","11,180","11,140","11,470","11,120","-0,09%"
"02.02.2012","11,190","11,110","11,534","11,110","-0,18%"
"01.02.2012","11,210","11,504","11,520","11,150","-0,18%"
"31.01.2012","11,230","11,424","11,504","11,150","-1,70%"
"30.01.2012","11,424","11,444","11,444","11,340","-0,44%"
"27.01.2012","11,474","11,490","11,514","11,410","-0,43%"
"26.01.2012","11,524","11,624","11,624","11,470","-0,87%"
"24.01.2012","11,625","11,540","11,625","11,540","0,18%"
"23.01.2012","11,604","11,514","11,614","11,500","0,52%"
"20.01.2012","11,544","11,590","11,594","11,510","-0,35%"
"19.01.2012","11,584","11,515","11,625","11,480","0,77%"
"18.01.2012","11,495","11,365","11,590","11,365","-0,35%"
"17.01.2012","11,535","11,365","11,548","11,365","0,25%"
"16.01.2012","11,506","11,365","11,550","11,365","-0,42%"
"13.01.2012","11,555","11,550","11,590","11,530","-0,17%"
"12.01.2012","11,575","11,550","11,635","11,485","0,35%"
"11.01.2012","11,535","11,484","11,545","11,365","0,44%"
"10.01.2012","11,485","11,515","11,515","11,290","-0,16%"
"09.01.2012","11,503","11,290","11,600","11,290","-0,58%"
"06.01.2012","11,570","11,290","11,570","11,290","0,89%"
"05.01.2012","11,468","11,290","11,468","11,290","0,70%"
"04.01.2012","11,388","11,290","11,400","11,290","1,10%"
"03.01.2012","11,264","11,280","11,295","11,250","-0,15%"
"02.01.2012","11,281","11,365","11,365","11,270","1,45%"
"30.12.2011","11,120","11,365","11,365","11,120","-1,51%"
"29.12.2011","11,290","11,365","11,365","11,290","-0,50%"
"28.12.2011","11,347","11,365","11,410","11,320","-0,29%"
"27.12.2011","11,380","11,365","11,420","11,355","-0,42%"
"26.12.2011","11,428","11,365","11,428","11,360","0,48%"
"23.12.2011","11,373","11,255","11,373","11,255","0,29%"
"22.12.2011","11,340","11,230","11,375","11,230","0,98%"
"21.12.2011","11,230","11,265","11,310","11,223","-0,27%"
"20.12.2011","11,260","11,330","11,330","11,260","-0,57%"
"19.12.2011","11,325","11,220","11,330","11,220","0,29%"
"16.12.2011","11,292","11,220","11,330","11,210","0,36%"
"15.12.2011","11,252","11,165","11,290","11,165","0,78%"
"14.12.2011","11,165","11,105","11,180","11,105","0,47%"
"13.12.2011","11,113","11,105","11,135","11,080","0,12%"
"12.12.2011","11,100","11,155","11,155","11,100","-0,63%"
"09.12.2011","11,170","11,140","11,182","11,130","0,14%"
"08.12.2011","11,154","11,130","11,205","11,120","-0,21%"
"07.12.2011","11,177","11,190","11,250","11,177","0,16%"
"06.12.2011","11,159","11,210","11,241","11,150","-1,05%"
"05.12.2011","11,277","11,170","11,310","11,170","0,22%"
"02.12.2011","11,252","11,125","11,340","11,125","0,82%"
"01.12.2011","11,160","11,190","11,275","11,120","0,50%"
"30.11.2011","11,104","11,190","11,290","11,064","-1,12%"
"29.11.2011","11,230","11,210","11,245","11,190","1,00%"
"28.11.2011","11,119","11,270","11,400","11,109","-0,28%"
"25.11.2011","11,150","11,270","11,270","11,119","-0,89%"
"24.11.2011","11,250","11,240","11,500","11,210","0,18%"
"23.11.2011","11,230","11,250","11,390","11,200","0,00%"
"22.11.2011","11,230","11,169","11,240","11,130","0,55%"
"21.11.2011","11,169","11,090","11,240","11,089","0,71%"
"18.11.2011","11,090","11,070","11,240","11,059","-0,09%"
"17.11.2011","11,100","11,240","11,270","11,100","-1,62%"
"16.11.2011","11,283","11,240","11,500","11,240","-0,35%"
"14.11.2011","11,323","11,240","11,323","11,240","1,19%"
"11.11.2011","11,190","11,210","11,290","11,190","-0,18%"
"10.11.2011","11,210","11,240","11,275","11,160","0,90%"
"09.11.2011","11,110","11,180","11,290","11,100","-0,63%"
"08.11.2011","11,180","11,260","11,340","11,130","-0,71%"
"07.11.2011","11,260","11,360","11,480","11,250","-0,88%"
"04.11.2011","11,360","11,520","11,615","11,360","-0,79%"
"03.11.2011","11,450","11,440","11,615","11,429","0,09%"
"01.11.2011","11,440","11,420","11,615","11,410","-0,09%"
"31.10.2011","11,450","11,509","11,615","11,440","-0,52%"
"28.10.2011","11,510","11,620","11,675","11,510","-0,95%"
"27.10.2011","11,620","11,450","11,720","11,449","1,48%"
"26.10.2011","11,450","11,680","11,720","11,430","-0,87%"
"25.10.2011","11,550","11,568","11,720","11,509","-0,16%"
"24.10.2011","11,568","11,720","11,720","11,568","-0,52%"
"21.10.2011","11,628","11,720","11,720","11,628","0,11%"
"20.10.2011","11,615","11,720","11,720","11,540","0,04%"
"19.10.2011","11,610","11,630","11,800","11,555","-0,57%"
"18.10.2011","11,677","11,720","11,800","11,615","-0,03%"
"17.10.2011","11,680","11,720","11,800","11,670","0,45%"
"14.10.2011","11,628","11,628","11,628","11,628","0,24%"
"13.10.2011","11,600","11,480","11,700","11,480","0,61%"
"11.10.2011","11,530","11,590","11,700","11,490","-0,56%"
"10.10.2011","11,595","11,550","11,700","11,550","0,56%"
"07.10.2011","11,530","11,570","11,900","11,500","-0,19%"
"06.10.2011","11,552","11,470","11,850","11,470","0,71%"
"05.10.2011","11,470","11,640","11,900","11,460","-1,04%"
"04.10.2011","11,590","11,410","11,850","11,410","1,39%"
"03.10.2011","11,431","11,620","11,850","11,420","-1,62%"
"30.09.2011","11,619","11,700","12,100","11,610","-0,66%"
"29.09.2011","11,696","12,000","12,000","11,680","0,27%"
"28.09.2011","11,664","11,710","12,100","11,664","-0,11%"
"27.09.2011","11,677","11,930","12,150","11,540","-0,11%"
"26.09.2011","11,690","11,800","11,930","11,690","-1,87%"
"23.09.2011","11,913","12,260","12,400","11,913","-3,12%"
"22.09.2011","12,297","12,130","12,550","11,960","1,04%"
"21.09.2011","12,170","11,960","12,200","11,960","1,39%"
"20.09.2011","12,003","11,450","12,300","11,450","0,36%"
"19.09.2011","11,960","11,450","11,960","11,450","1,67%"
"16.09.2011","11,764","11,450","12,100","11,450","2,74%"
"15.09.2011","11,450","11,450","12,000","11,450","-2,35%"
"14.09.2011","11,725","11,450","12,000","11,450","0,56%"
"13.09.2011","11,660","11,450","11,900","11,450","2,87%"
"12.09.2011","11,335","11,600","11,800","11,335","-0,70%"
"09.09.2011","11,415","11,600","12,000","11,415","-0,98%"
"08.09.2011","11,528","11,440","11,700","11,405","0,84%"
"06.09.2011","11,432","11,600","11,800","11,380","-2,32%"
"05.09.2011","11,703","11,380","11,900","11,380","-1,66%"
"02.09.2011","11,900","11,380","11,900","11,380","3,53%"
"01.09.2011","11,494","11,640","11,810","11,470","-1,28%"
"31.08.2011","11,643","11,610","11,900","11,535","0,67%"
"30.08.2011","11,565","11,400","11,800","11,400","1,54%"
"29.08.2011","11,390","11,710","11,710","11,360","-2,99%"
"26.08.2011","11,741","11,940","12,100","11,710","-1,54%"
"25.08.2011","11,925","11,960","11,985","11,900","-0,27%"
"24.08.2011","11,957","11,960","12,100","11,957","1,19%"
"23.08.2011","11,816","11,830","11,900","11,794","-0,20%"
"22.08.2011","11,840","11,790","11,900","11,790","-0,25%"
"19.08.2011","11,870","11,750","11,870","11,670","1,32%"
"18.08.2011","11,715","11,870","11,870","11,715","-1,53%"
"17.08.2011","11,897","12,100","12,100","11,880","-4,10%"
"16.08.2011","12,405","12,150","12,405","12,150","2,19%"
"15.08.2011","12,139","12,405","12,405","12,110","-2,10%"
"12.08.2011","12,400","12,405","12,470","12,400","-0,72%"
"11.08.2011","12,490","12,340","12,490","12,340","0,99%"
"10.08.2011","12,368","12,405","12,405","12,270","0,54%"
"09.08.2011","12,301","12,405","12,410","12,290","0,27%"
"08.08.2011","12,268","12,405","12,420","12,268","-1,22%"
"05.08.2011","12,420","12,515","12,515","12,420","-0,04%"
"04.08.2011","12,425","12,555","12,555","12,425","-0,60%"
"03.08.2011","12,500","12,535","12,590","12,435","-0,40%"
"02.08.2011","12,550","12,555","12,690","12,550","-1,22%"
"01.08.2011","12,705","12,805","12,810","12,705","-0,82%"
"29.07.2011","12,810","12,850","12,850","12,775","0,27%"
"28.07.2011","12,775","12,555","12,775","12,555","0,94%"
"27.07.2011","12,656","12,555","12,740","12,555","0,56%"
"26.07.2011","12,585","12,555","12,650","12,555","-0,51%"
"25.07.2011","12,650","12,555","12,650","12,550","0,40%"
"22.07.2011","12,600","12,590","12,600","12,540","-0,24%"
"21.07.2011","12,630","12,555","12,630","12,555","0,72%"
"20.07.2011","12,540","12,555","12,600","12,515","0,24%"
"19.07.2011","12,510","12,555","12,555","12,510","-0,16%"
"18.07.2011","12,530","12,540","12,570","12,520","-0,32%"
"15.07.2011","12,570","12,486","12,820","12,375","0,80%"
"14.07.2011","12,470","12,470","12,600","12,460","0,08%"
"13.07.2011","12,460","12,430","12,820","12,375","-0,24%"
"12.07.2011","12,490","12,420","12,780","12,200","0,62%"
"11.07.2011","12,413","12,429","12,600","12,400","-0,06%"
"08.07.2011","12,420","12,381","12,520","12,375","0,06%"
"07.07.2011","12,412","12,410","12,490","12,245","0,39%"
"06.07.2011","12,364","12,408","12,500","12,364","-0,43%"
"05.07.2011","12,417","12,408","12,470","12,360","0,48%"
"04.07.2011","12,358","12,460","12,550","12,358","-0,15%"
"01.07.2011","12,377","12,429","12,820","12,377","-0,69%"
"30.06.2011","12,463","13,509","13,509","12,425","0,35%"
"29.06.2011","12,420","12,404","13,499","12,350","0,12%"
"28.06.2011","12,405","12,374","12,485","12,355","0,45%"
"27.06.2011","12,350","12,418","12,485","12,340","-0,08%"
"24.06.2011","12,360","12,409","12,425","12,355","-1,49%"
"22.06.2011","12,547","12,352","12,547","12,240","0,94%"
"21.06.2011","12,430","12,349","12,450","12,330","0,77%"
"20.06.2011","12,335","12,337","12,485","12,240","0,03%"
"17.06.2011","12,331","12,293","12,610","12,240","0,10%"
"16.06.2011","12,319","12,313","12,485","12,280","0,36%"
"15.06.2011","12,275","12,267","12,485","12,267","-0,16%"
"14.06.2011","12,295","12,258","12,485","12,250","0,34%"
"13.06.2011","12,253","12,310","12,485","12,240","0,10%"
"10.06.2011","12,241","12,318","12,600","12,240","-0,41%"
"09.06.2011","12,292","12,399","12,399","12,250","-0,07%"
"08.06.2011","12,301","12,447","12,547","12,301","-1,96%"
"07.06.2011","12,547","12,438","12,547","12,380","0,00%"
"06.06.2011","12,547","12,447","12,547","12,420","0,70%"
"03.06.2011","12,460","12,447","12,600","12,420","-0,69%"
"02.06.2011","12,547","12,447","12,710","12,420","0,00%"
"01.06.2011","12,547","12,501","12,550","12,390","0,00%"
"31.05.2011","12,547","12,553","12,600","12,410","0,00%"
"30.05.2011","12,547","12,544","12,550","12,460","0,00%"
"27.05.2011","12,547","12,565","12,580","12,470","0,00%"
"26.05.2011","12,547","12,615","12,700","12,250","0,00%"
"25.05.2011","12,547","12,535","12,690","12,485","0,97%"
"24.05.2011","12,427","12,524","12,650","12,427","0,00%"
"23.05.2011","12,427","12,494","12,570","12,427","0,00%"
"20.05.2011","12,427","12,445","12,550","12,427","0,00%"
"19.05.2011","12,427","12,445","12,500","12,425","0,00%"
"18.05.2011","12,427","12,532","12,700","12,420","0,00%"
"17.05.2011","12,427","12,511","12,555","12,420","-0,50%"
"16.05.2011","12,490","12,502","12,555","12,480","0,04%"
"13.05.2011","12,485","12,560","12,575","12,480","-0,04%"
"12.05.2011","12,490","12,480","12,570","12,470","-0,08%"
"11.05.2011","12,500","12,610","12,610","12,500","-0,18%"
"10.05.2011","12,523","12,560","12,600","12,500","0,06%"
"09.05.2011","12,515","12,605","12,650","12,500","0,62%"
"06.05.2011","12,438","12,630","12,735","12,438","0,00%"
"05.05.2011","12,438","12,700","12,700","12,438","0,00%"
"04.05.2011","12,438","12,670","12,800","12,438","0,00%"
"03.05.2011","12,438","12,630","12,860","12,438","-1,68%"
"02.05.2011","12,650","12,640","12,760","12,438","1,91%"
"29.04.2011","12,413","12,150","12,785","12,150","-0,02%"
"28.04.2011","12,415","12,150","12,890","12,150","-0,02%"
"27.04.2011","12,418","12,800","13,000","12,438","-0,09%"
"26.04.2011","12,429","12,920","13,030","12,438","0,05%"
"25.04.2011","12,423","12,780","12,920","12,438","0,17%"
"20.04.2011","12,402","12,760","12,830","12,438","-0,10%"
"19.04.2011","12,414","12,740","12,815","12,438","0,05%"
"18.04.2011","12,408","12,700","12,850","12,438","0,08%"
"15.04.2011","12,398","12,710","12,920","12,438","-0,02%"
"14.04.2011","12,401","12,770","12,830","12,438","-0,02%"
"13.04.2011","12,404","12,830","12,850","12,438","-0,02%"
"12.04.2011","12,406","12,870","12,870","12,438","-0,02%"
"11.04.2011","12,409","12,870","13,160","12,438","0,07%"
"08.04.2011","12,400","12,800","12,870","12,438","-0,02%"
"07.04.2011","12,403","12,860","12,880","12,438","-0,02%"
"06.04.2011","12,405","12,880","13,090","12,438","-0,02%"
"05.04.2011","12,408","12,800","12,880","12,438","-0,02%"
"04.04.2011","12,411","12,870","12,920","12,438","0,08%"
"01.04.2011","12,401","13,020","13,020","12,438","-0,30%"
"31.03.2011","12,438","12,930","13,000","12,438","-3,87%"
"30.03.2011","12,939","12,970","12,980","12,438","0,65%"
"29.03.2011","12,855","12,860","12,930","12,438","0,37%"
"28.03.2011","12,807","12,830","12,900","12,438","2,97%"
"25.03.2011","12,438","12,880","12,900","12,438","0,00%"
"24.03.2011","12,438","12,810","12,930","12,250","0,00%"
"23.03.2011","12,438","12,870","12,890","12,250","0,00%"
"22.03.2011","12,438","12,880","12,900","12,250","-3,00%"
"21.03.2011","12,823","12,820","13,030","12,438","0,16%"
"18.03.2011","12,803","12,820","13,010","12,438","0,39%"
"17.03.2011","12,753","12,740","12,850","12,438","2,53%"
"16.03.2011","12,438","12,760","12,890","12,438","-1,74%"
"15.03.2011","12,658","12,590","12,850","12,430","0,68%"
"14.03.2011","12,573","12,590","12,780","12,438","-0,43%"
"11.03.2011","12,627","12,480","12,780","12,438","0,00%"
"10.03.2011","12,627","12,480","12,790","12,438","1,52%"
"09.03.2011","12,438","12,690","12,750","12,438","-1,85%"
"04.03.2011","12,673","12,460","12,840","12,438","0,77%"
"03.03.2011","12,576","12,460","12,740","12,438","0,58%"
"02.03.2011","12,504","12,460","12,600","12,438","0,09%"
"28.02.2011","12,493","12,500","12,550","12,330","0,26%"
"25.02.2011","12,460","12,530","12,600","12,330","0,18%"
"23.02.2011","12,438","12,230","12,640","12,230","-0,50%"
"22.02.2011","12,500","12,510","12,630","12,438","-0,48%"
"21.02.2011","12,560","12,680","12,680","12,438","0,40%"
"18.02.2011","12,510","12,625","12,625","12,438","-0,24%"
"17.02.2011","12,540","12,680","12,730","12,438","-1,26%"
"16.02.2011","12,700","12,795","12,870","12,438","-0,63%"
"15.02.2011","12,780","12,920","12,920","12,220","-0,41%"
"14.02.2011","12,833","12,800","12,970","12,438","0,18%"
"11.02.2011","12,810","12,800","12,900","12,438","0,23%"
"10.02.2011","12,780","12,640","12,990","12,220","0,55%"
"09.02.2011","12,710","12,700","12,820","12,438","-0,08%"
"08.02.2011","12,720","12,970","13,090","12,438","-1,85%"
"07.02.2011","12,960","13,020","13,860","12,438","-0,15%"
"04.02.2011","12,980","12,880","13,060","12,438","1,09%"
"03.02.2011","12,840","12,790","12,910","12,438","0,08%"
"02.02.2011","12,830","12,920","13,050","12,438","-0,70%"
"01.02.2011","12,920","13,050","13,070","12,438","3,88%"
"31.01.2011","12,438","12,810","12,900","12,438","-2,98%"
"28.01.2011","12,820","12,845","12,875","12,700","0,23%"
"27.01.2011","12,790","12,670","13,075","12,670","-0,31%"
"26.01.2011","12,830","12,670","12,830","12,670","1,42%"
"24.01.2011","12,650","12,620","12,715","12,438","0,40%"
"21.01.2011","12,600","12,560","12,700","12,438","-0,16%"
"20.01.2011","12,620","12,585","12,660","12,525","1,46%"
"19.01.2011","12,438","12,570","12,670","12,438","-1,21%"
"18.01.2011","12,590","12,570","12,750","12,438","-0,47%"
"17.01.2011","12,650","12,570","12,750","12,438","0,72%"
"14.01.2011","12,560","12,500","12,600","12,438","0,98%"
"13.01.2011","12,438","12,490","12,580","12,425","-0,50%"
"12.01.2011","12,500","12,410","12,510","12,390","0,89%"
"11.01.2011","12,390","12,470","12,600","12,360","-0,39%"
"10.01.2011","12,438","12,360","12,480","12,300","0,52%"
"07.01.2011","12,374","12,170","12,438","12,140","1,93%"
"06.01.2011","12,140","12,140","12,438","12,100","0,33%"
"05.01.2011","12,100","12,170","12,438","12,060","0,41%"
"04.01.2011","12,050","12,050","12,438","12,020","-3,12%"
"03.01.2011","12,438","12,190","12,438","12,010","0,00%"
"30.12.2010","12,438","12,270","12,438","12,170","0,60%"
"29.12.2010","12,364","12,360","12,438","12,260","0,60%"
"28.12.2010","12,290","12,345","12,438","12,290","-0,32%"
"27.12.2010","12,330","12,320","12,440","12,320","0,08%"
"23.12.2010","12,320","12,290","12,438","12,220","0,08%"
"22.12.2010","12,310","12,490","12,620","12,260","-1,28%"
"21.12.2010","12,470","12,510","12,610","12,420","0,16%"
"20.12.2010","12,450","12,500","12,600","12,430","-0,08%"
"17.12.2010","12,460","12,535","12,575","12,410","0,03%"
"16.12.2010","12,456","12,555","12,790","12,438","-0,91%"
"15.12.2010","12,570","12,435","12,570","12,385","0,61%"
"14.12.2010","12,494","12,375","12,550","12,335","0,37%"
"13.12.2010","12,448","12,335","12,500","12,285","0,34%"
"10.12.2010","12,406","12,500","12,500","12,320","-0,27%"
"09.12.2010","12,440","12,400","12,540","12,345","0,38%"
"08.12.2010","12,393","12,290","12,500","12,280","0,07%"
"07.12.2010","12,384","12,330","12,438","12,250","-0,43%"
"06.12.2010","12,438","12,315","12,438","12,305","0,18%"
"03.12.2010","12,416","12,300","12,800","12,125","0,92%"
"02.12.2010","12,303","12,380","12,720","12,300","-0,62%"
"01.12.2010","12,380","12,460","12,650","12,340","-1,80%"
"30.11.2010","12,607","12,490","12,720","12,430","1,36%"
"29.11.2010","12,438","12,720","13,090","12,370","0,00%"
"26.11.2010","12,438","12,365","12,500","12,260","0,30%"
"25.11.2010","12,401","12,490","12,720","11,870","-1,57%"
"24.11.2010","12,599","12,720","12,780","12,438","-0,48%"
"23.11.2010","12,660","12,760","12,910","12,620","-0,78%"
"22.11.2010","12,760","12,441","12,820","12,430","2,56%"
"19.11.2010","12,441","12,462","12,560","12,430","-0,17%"
"18.11.2010","12,462","12,490","12,610","11,890","0,31%"
"17.11.2010","12,424","12,414","12,570","12,360","0,08%"
"16.11.2010","12,414","12,350","12,500","11,890","1,42%"
"12.11.2010","12,240","12,250","12,250","12,180","0,48%"
"11.11.2010","12,182","12,220","12,280","12,182","-0,31%"
"10.11.2010","12,220","12,285","12,320","12,155","0,21%"
"09.11.2010","12,195","12,190","12,235","11,890","0,04%"
"08.11.2010","12,190","12,080","12,300","11,925","0,99%"
"05.11.2010","12,070","11,925","12,070","11,890","1,22%"
"04.11.2010","11,925","11,890","11,950","11,760","0,29%"
"03.11.2010","11,890","11,850","11,970","11,770","0,34%"
"01.11.2010","11,850","11,920","12,320","11,820","-0,59%"
"29.10.2010","11,920","12,170","12,380","11,920","-2,05%"
"28.10.2010","12,170","12,270","12,300","12,170","-0,81%"
"27.10.2010","12,270","12,125","12,350","12,125","1,20%"
"26.10.2010","12,125","12,140","12,310","12,080","-1,02%"
"25.10.2010","12,250","12,140","12,370","12,140","0,66%"
"22.10.2010","12,170","12,130","12,310","12,100","0,33%"
"21.10.2010","12,130","11,625","12,150","11,625","1,25%"
"20.10.2010","11,980","11,480","12,020","11,480","0,25%"
"19.10.2010","11,950","11,480","12,020","11,480","2,49%"
"18.10.2010","11,660","11,480","11,660","11,480","1,57%"
"15.10.2010","11,480","11,760","11,760","11,430","-0,95%"
"14.10.2010","11,590","11,770","11,860","11,490","-1,53%"
"13.10.2010","11,770","11,830","11,890","11,280","-0,51%"
"11.10.2010","11,830","11,830","11,910","11,810","-0,08%"
"08.10.2010","11,840","11,875","11,920","11,790","0,00%"
"07.10.2010","11,840","11,940","11,940","11,840","-0,84%"
"06.10.2010","11,940","11,910","11,960","11,820","0,42%"
"05.10.2010","11,890","11,855","12,050","11,855","-0,42%"
"04.10.2010","11,940","12,000","12,000","11,840","-0,33%"
"01.10.2010","11,980","12,150","12,150","11,860","-0,33%"
"30.09.2010","12,020","11,920","12,040","11,890","0,84%"
"29.09.2010","11,920","11,930","12,010","11,820","-0,08%"
"28.09.2010","11,930","11,685","11,970","11,685","1,10%"
"27.09.2010","11,800","11,860","11,870","11,530","0,77%"
"24.09.2010","11,710","11,860","11,860","11,590","-0,34%"
"23.09.2010","11,750","11,910","11,910","11,750","-1,34%"
"22.09.2010","11,910","11,860","12,030","11,770","0,51%"
"21.09.2010","11,850","11,690","11,980","11,690","-0,46%"
"20.09.2010","11,905","11,690","11,905","11,690","0,55%"
"17.09.2010","11,840","11,690","12,110","11,690","-1,00%"
"16.09.2010","11,960","11,780","12,010","11,690","1,53%"
"15.09.2010","11,780","11,565","11,870","11,565","0,43%"
"14.09.2010","11,730","11,565","11,820","11,565","-0,26%"
"13.09.2010","11,760","11,565","11,830","11,565","0,34%"
"10.09.2010","11,720","11,565","11,770","11,565","0,17%"
"09.09.2010","11,700","11,650","11,830","11,430","0,43%"
"08.09.2010","11,650","11,630","11,660","11,380","0,43%"
"06.09.2010","11,600","11,630","11,660","11,600","0,82%"
"03.09.2010","11,506","11,645","11,780","11,506","-1,91%"
"02.09.2010","11,730","11,680","11,760","11,506","0,43%"
"01.09.2010","11,680","11,510","11,680","11,506","1,48%"
"31.08.2010","11,510","11,575","11,575","11,506","-0,52%"
"30.08.2010","11,570","11,560","11,575","11,550","1,14%"
"26.08.2010","11,440","11,300","11,440","11,270","1,24%"
"25.08.2010","11,300","11,270","11,345","11,260","0,36%"
"24.08.2010","11,260","11,537","11,537","11,260","-0,44%"
"23.08.2010","11,310","11,490","11,492","11,310","-1,57%"
"20.08.2010","11,490","11,480","12,160","11,480","-0,17%"
"19.08.2010","11,510","11,560","11,560","11,460","-0,26%"
"18.08.2010","11,540","11,700","11,700","11,540","-1,11%"
"17.08.2010","11,670","11,700","11,700","11,640","-0,26%"
"16.08.2010","11,700","11,820","11,831","11,690","-1,18%"
"13.08.2010","11,840","11,820","11,840","11,820","0,17%"
"12.08.2010","11,820","11,790","11,820","11,780","0,25%"
"11.08.2010","11,790","11,875","11,875","11,790","-0,25%"
"10.08.2010","11,820","12,030","12,030","11,820","-0,59%"
"09.08.2010","11,890","12,020","12,040","11,888","-1,08%"
"06.08.2010","12,020","11,990","12,040","11,990","0,25%"
"05.08.2010","11,990","12,070","12,071","11,990","-0,66%"
"04.08.2010","12,070","11,980","12,070","11,980","0,58%"
"03.08.2010","12,000","11,950","12,000","11,940","0,42%"
"02.08.2010","11,950","12,090","12,090","11,950","-0,50%"
"30.07.2010","12,010","12,120","12,120","12,000","-0,93%"
"29.07.2010","12,123","12,111","12,180","12,045","0,02%"
"28.07.2010","12,120","12,052","12,225","12,045","0,56%"
"27.07.2010","12,052","12,080","12,090","12,052","-0,22%"
"26.07.2010","12,079","12,225","12,225","12,079","-0,61%"
"23.07.2010","12,153","12,135","12,225","12,130","0,16%"
"22.07.2010","12,134","12,079","12,160","12,079","0,46%"
"21.07.2010","12,079","12,280","12,280","12,079","-1,64%"
"20.07.2010","12,280","12,290","12,302","12,280","-0,18%"
"19.07.2010","12,302","12,230","12,302","12,230","0,44%"
"16.07.2010","12,248","12,280","12,283","12,230","-0,26%"
"15.07.2010","12,280","12,240","12,290","12,240","0,12%"
"14.07.2010","12,265","12,235","12,270","12,220","0,35%"
"13.07.2010","12,222","12,270","12,270","12,222","-0,39%"
"12.07.2010","12,270","12,290","12,290","12,240","-0,15%"
"08.07.2010","12,288","12,270","12,290","12,228","0,47%"
"07.07.2010","12,230","12,270","12,270","12,228","-0,10%"
"06.07.2010","12,242","12,270","12,270","12,220","-0,01%"
"05.07.2010","12,243","12,250","12,410","12,220","-0,02%"
"02.07.2010","12,245","12,320","12,330","12,230","-0,32%"
"01.07.2010","12,284","12,788","12,788","12,284","-3,94%"
"30.06.2010","12,788","12,788","12,788","12,320","0,00%"
"29.06.2010","12,788","12,788","12,788","12,320","0,00%"
"28.06.2010","12,788","12,788","12,788","12,310","0,00%"
"25.06.2010","12,788","12,420","12,788","12,360","2,96%"
"24.06.2010","12,420","12,470","12,788","12,360","-0,40%"
"23.06.2010","12,470","12,450","12,788","12,430","0,16%"
"22.06.2010","12,450","12,350","12,788","12,350","0,81%"
"21.06.2010","12,350","12,410","12,788","12,350","-0,64%"
"18.06.2010","12,430","12,788","12,788","12,410","-0,24%"
"17.06.2010","12,460","12,788","13,030","12,460","-0,88%"
"16.06.2010","12,570","12,788","12,800","12,570","-1,49%"
"15.06.2010","12,760","12,788","12,788","12,690","-0,22%"
"14.06.2010","12,788","12,788","12,788","12,470","1,25%"
"11.06.2010","12,630","12,788","12,788","12,550","0,48%"
"10.06.2010","12,570","12,510","12,788","12,440","0,48%"
"09.06.2010","12,510","12,788","12,788","12,430","0,64%"
"08.06.2010","12,430","12,788","12,788","12,430","0,16%"
"07.06.2010","12,410","12,788","12,788","12,410","-2,96%"
"04.06.2010","12,788","12,788","12,788","12,788","-4,35%"
"09.12.2009","13,370","13,380","13,400","12,440","7,48%"
"08.12.2009","12,440","13,310","13,360","12,440","-5,90%"
"07.12.2009","13,220","13,380","13,380","12,403","6,25%"
"04.12.2009","12,442","13,350","13,380","12,442","-6,31%"
"03.12.2009","13,280","13,390","13,400","12,473","6,47%"
"02.12.2009","12,473","13,335","13,395","12,438","-6,34%"
"01.12.2009","13,318","13,410","13,450","12,438","6,48%"
"30.11.2009","12,507","13,360","13,470","12,430","0,62%"
"27.11.2009","12,430","13,380","13,440","12,430","0,24%"
"26.11.2009","12,400","13,210","13,370","12,400","-5,44%"
"25.11.2009","13,114","13,210","13,270","12,292","6,36%"
"24.11.2009","12,330","13,240","13,260","12,330","-0,01%"
"23.11.2009","12,331","13,220","13,280","12,331","-6,12%"
"19.11.2009","13,135","13,250","13,300","12,313","6,49%"
"18.11.2009","12,335","13,130","13,330","12,335","0,22%"
"17.11.2009","12,308","13,270","13,290","12,308","-0,02%"
"16.11.2009","12,311","13,150","13,290","12,311","-6,38%"
"13.11.2009","13,150","13,290","13,330","12,328","6,24%"
"12.11.2009","12,378","13,240","13,340","12,318","-5,73%"
"11.11.2009","13,130","13,200","13,260","13,110","6,85%"
"10.11.2009","12,288","13,180","13,210","12,288","0,12%"
"09.11.2009","12,273","13,220","13,290","12,273","-0,10%"
"06.11.2009","12,285","13,330","13,330","12,285","-0,25%"
"05.11.2009","12,316","13,210","13,330","12,316","-0,54%"
"04.11.2009","12,383","12,372","13,300","12,372","-6,33%"
"03.11.2009","13,220","13,190","13,320","12,440","-0,31%"
"30.10.2009","13,261","13,340","13,340","12,366","0,61%"
"29.10.2009","13,180","13,300","13,380","12,366","6,47%"
"28.10.2009","12,379","13,220","13,270","12,290","0,72%"
"27.10.2009","12,290","13,330","13,330","12,290","-6,62%"
"26.10.2009","13,161","13,320","13,360","12,340","6,05%"
"23.10.2009","12,410","13,350","13,430","12,410","-0,10%"
"22.10.2009","12,423","13,180","13,380","12,271","-4,59%"
"21.10.2009","13,020","13,170","13,210","13,020","6,04%"
"20.10.2009","12,278","13,230","13,480","12,278","-0,94%"
"19.10.2009","12,394","13,140","13,280","12,394","2,57%"
"16.10.2009","12,084","12,925","13,085","12,084","0,81%"
"15.10.2009","11,987","12,755","12,875","11,987","-5,38%"
"14.10.2009","12,668","12,850","12,900","11,845","-0,60%"
"13.10.2009","12,745","12,720","12,840","11,922","0,24%"
"09.10.2009","12,715","12,700","12,740","11,873","0,12%"
"08.10.2009","12,700","12,630","12,885","11,816","0,55%"
"07.10.2009","12,630","12,640","12,765","12,620","-0,08%"
"06.10.2009","12,640","12,805","12,905","12,640","6,52%"
"05.10.2009","11,866","12,795","12,815","11,866","-0,34%"
"02.10.2009","11,907","12,935","12,950","11,907","-0,96%"
"01.10.2009","12,023","12,915","12,965","12,023","-6,14%"
"30.09.2009","12,810","12,865","12,945","11,963","0,23%"
"29.09.2009","12,780","12,860","12,900","12,780","0,00%"
"28.09.2009","12,780","12,500","13,080","12,500","-0,93%"
"25.09.2009","12,900","13,100","13,220","12,081","-0,85%"
"24.09.2009","13,010","12,980","13,100","12,890","0,93%"
"23.09.2009","12,890","12,860","13,010","12,071","0,31%"
"22.09.2009","12,850","13,000","13,120","12,119","-0,62%"
"21.09.2009","12,930","12,980","13,060","12,880","0,36%"
"18.09.2009","12,884","13,000","13,060","12,132","-0,51%"
"17.09.2009","12,950","13,100","13,190","12,212","-0,67%"
"16.09.2009","13,037","13,060","13,200","12,136","0,59%"
"15.09.2009","12,960","13,030","13,080","12,079","0,47%"
"14.09.2009","12,900","12,990","13,030","12,097","-0,15%"
"11.09.2009","12,920","12,920","13,045","12,920","6,76%"
"10.09.2009","12,102","12,975","13,005","12,102","0,23%"
"09.09.2009","12,074","12,970","13,020","12,046","-6,04%"
"08.09.2009","12,850","12,075","13,010","12,075","-0,16%"
"04.09.2009","12,870","12,910","12,910","12,870","6,49%"
"03.09.2009","12,086","12,970","13,050","12,069","0,14%"
"02.09.2009","12,069","12,920","12,980","12,030","0,06%"
"01.09.2009","12,062","12,960","12,980","12,062","-6,28%"
"31.08.2009","12,870","12,980","13,020","12,075","6,58%"
"28.08.2009","12,075","12,850","13,000","12,035","-6,03%"
"27.08.2009","12,850","12,890","12,990","12,042","-0,08%"
"26.08.2009","12,860","12,960","12,970","12,053","-0,08%"
"25.08.2009","12,870","13,000","13,020","12,070","-0,16%"
"24.08.2009","12,890","13,040","13,060","12,131","6,26%"
"21.08.2009","12,131","12,910","13,060","12,131","0,32%"
"20.08.2009","12,092","12,820","13,030","12,092","-5,16%"
"19.08.2009","12,750","12,780","12,810","11,876","0,39%"
"18.08.2009","12,700","12,770","12,820","11,860","0,16%"
"17.08.2009","12,680","12,860","12,860","11,951","6,10%"
"14.08.2009","11,951","12,960","12,960","11,951","-0,75%"
"13.08.2009","12,041","12,980","13,010","12,041","-0,58%"
"12.08.2009","12,111","12,930","13,040","12,111","-6,33%"
"11.08.2009","12,930","12,880","13,060","12,060","0,39%"
"10.08.2009","12,880","12,860","13,000","12,035","0,16%"
"07.08.2009","12,860","12,790","12,860","11,965","7,48%"
"06.08.2009","11,965","12,870","12,920","11,965","-0,15%"
"05.08.2009","11,983","12,820","12,860","11,869","0,96%"
"04.08.2009","11,869","12,690","12,830","11,869","-0,08%"
"03.08.2009","11,879","12,810","12,810","11,879","-7,27%"
"31.07.2009","12,810","12,890","12,990","12,003","-0,08%"
"30.07.2009","12,820","12,750","12,920","11,840","0,79%"
"29.07.2009","12,720","12,780","12,800","12,650","7,52%"
"28.07.2009","11,830","12,750","12,810","11,830","-6,41%"
"27.07.2009","12,640","12,860","12,860","11,989","-1,33%"
"24.07.2009","12,810","13,040","13,080","11,989","5,45%"
"23.07.2009","12,148","12,955","13,115","12,148","0,44%"
"22.07.2009","12,095","13,010","13,040","12,095","-6,46%"
"21.07.2009","12,930","13,010","13,060","12,111","6,46%"
"20.07.2009","12,145","13,040","13,040","12,145","-6,65%"
"17.07.2009","13,010","13,050","13,080","12,178","0,08%"
"16.07.2009","13,000","13,000","13,090","12,131","0,39%"
"15.07.2009","12,950","12,920","13,450","11,952","8,35%"
"14.07.2009","11,952","13,040","13,050","11,952","-1,15%"
"13.07.2009","12,091","12,845","13,010","11,975","0,80%"
"10.07.2009","11,995","12,880","12,890","11,995","0,00%"
"08.07.2009","11,995","12,965","13,080","11,995","-0,70%"
"07.07.2009","12,080","13,040","13,100","12,080","-0,36%"
"06.07.2009","12,124","12,040","13,016","12,033","-6,52%"
"03.07.2009","12,970","12,040","13,000","12,008","1,09%"
"02.07.2009","12,830","12,853","12,930","11,957","-0,18%"
"01.07.2009","12,853","12,870","12,950","12,870","0,26%"
"30.06.2009","12,820","12,910","13,030","12,910","-0,47%"
"29.06.2009","12,880","12,560","12,910","11,670","2,55%"
"26.06.2009","12,560","12,640","12,650","12,500","7,44%"
"25.06.2009","11,690","12,680","12,740","11,690","-7,22%"
"24.06.2009","12,600","12,710","12,880","12,600","-0,24%"
"23.06.2009","12,630","12,740","12,830","12,630","-0,55%"
"22.06.2009","12,700","12,750","12,835","11,880","6,45%"
"19.06.2009","11,930","12,790","13,010","11,930","-6,14%"
"18.06.2009","12,710","12,590","12,840","12,530","1,36%"
"17.06.2009","12,540","12,480","12,640","11,850","0,48%"
"16.06.2009","12,480","11,840","12,730","11,840","-1,50%"
"15.06.2009","12,670","12,610","12,770","11,760","0,64%"
"12.06.2009","12,590","12,680","13,250","12,350","6,33%"
"10.06.2009","11,840","12,680","12,900","11,840","-6,62%"
"09.06.2009","12,680","12,350","12,750","11,530","2,67%"
"08.06.2009","12,350","11,400","12,445","11,400","1,06%"
"05.06.2009","12,220","12,070","12,350","12,070","8,53%"
"04.06.2009","11,260","12,100","12,260","11,260","-6,94%"
"03.06.2009","12,100","12,050","12,210","11,270","0,41%"
"02.06.2009","12,050","12,057","12,110","11,210","0,50%"
"01.06.2009","11,990","11,980","12,100","11,150","0,08%"
"29.05.2009","11,980","12,050","12,160","11,150","6,68%"
"28.05.2009","11,230","11,150","12,200","11,150","-6,26%"
"27.05.2009","11,980","11,980","12,125","11,880","8,32%"
"26.05.2009","11,060","11,960","12,180","11,060","-6,90%"
"25.05.2009","11,880","12,020","12,065","11,060","-0,67%"
"22.05.2009","11,960","12,120","12,290","11,220","-0,91%"
"21.05.2009","12,070","12,020","12,320","11,870","1,34%"
"20.05.2009","11,910","12,170","12,190","11,910","5,87%"
"19.05.2009","11,250","12,170","12,330","11,250","-0,18%"
"18.05.2009","11,270","12,320","12,320","11,270","-8,30%"
"15.05.2009","12,290","12,690","12,721","12,290","4,06%"
"14.05.2009","11,810","12,630","12,760","11,810","-6,49%"
"13.05.2009","12,630","12,770","12,800","11,470","-0,39%"
"12.05.2009","12,680","12,780","12,860","12,680","-0,78%"
"11.05.2009","12,780","12,950","13,000","12,020","-0,47%"
"08.05.2009","12,840","12,850","13,060","12,760","0,47%"
"07.05.2009","12,780","12,830","12,940","12,730","-0,08%"
"06.05.2009","12,790","12,850","12,970","12,790","6,32%"
"05.05.2009","12,030","12,890","13,000","12,030","-0,17%"
"04.05.2009","12,050","13,090","13,320","12,050","-7,94%"
"30.04.2009","13,090","13,050","13,240","12,270","7,83%"
"29.04.2009","12,140","13,090","13,120","12,140","-6,83%"
"28.04.2009","13,030","13,220","13,260","12,290","6,02%"
"27.04.2009","12,290","12,990","13,170","12,290","-5,46%"
"24.04.2009","13,000","12,900","13,070","12,040","0,78%"
"23.04.2009","12,900","12,920","12,970","12,830","0,39%"
"22.04.2009","12,850","13,140","13,230","12,030","-2,73%"
"20.04.2009","13,210","13,150","13,320","11,960","1,15%"
"17.04.2009","13,060","12,890","13,210","12,790","2,11%"
"16.04.2009","12,790","12,680","12,890","11,840","0,95%"
"15.04.2009","12,670","12,730","12,860","12,620","0,40%"
"14.04.2009","12,620","13,030","13,040","11,800","-2,70%"
"13.04.2009","12,970","12,930","13,110","12,150","0,70%"
"09.04.2009","12,880","12,940","13,010","12,780","-0,23%"
"08.04.2009","12,910","12,730","12,920","12,690","1,57%"
"07.04.2009","12,710","12,720","12,770","11,880","7,80%"
"06.04.2009","11,790","12,720","12,750","11,790","-6,43%"
"03.04.2009","12,600","12,530","12,620","11,780","1,20%"
"02.04.2009","12,450","12,370","12,500","12,290","1,30%"
"01.04.2009","12,290","12,420","12,541","12,290","-0,57%"
"31.03.2009","12,360","12,360","12,445","11,530","7,95%"
"30.03.2009","11,450","12,260","12,550","11,450","-6,61%"
"27.03.2009","12,260","12,310","12,435","12,250","0,00%"
"26.03.2009","12,260","12,510","12,580","11,410","-1,13%"
"25.03.2009","12,400","12,510","12,600","12,400","-0,48%"
"24.03.2009","12,460","12,590","12,755","11,610","0,73%"
"23.03.2009","12,370","12,370","13,630","11,520","-0,24%"
"20.03.2009","12,400","12,370","13,480","11,450","0,81%"
"19.03.2009","12,300","12,260","12,470","11,340","0,99%"
"18.03.2009","12,180","12,670","12,711","12,180","-3,41%"
"17.03.2009","12,610","12,600","12,790","11,780","-0,08%"
"16.03.2009","12,620","12,620","12,932","11,780","1,77%"
"12.03.2009","12,400","12,360","12,530","12,300","8,30%"
"11.03.2009","11,450","12,430","12,490","11,450","-8,98%"
"10.03.2009","12,580","12,680","12,870","12,470","6,16%"
"09.03.2009","11,850","12,750","12,780","11,850","-6,84%"
"06.03.2009","12,720","12,840","12,870","11,870","-0,16%"
"05.03.2009","12,740","13,030","13,080","12,740","-1,16%"
"04.03.2009","12,890","12,720","13,000","12,630","1,90%"
"03.03.2009","12,650","12,900","13,440","11,960","-1,48%"
"02.03.2009","12,840","13,010","13,160","12,695","6,47%"
"27.02.2009","12,060","13,080","13,200","12,060","-1,07%"
"26.02.2009","12,190","13,330","13,380","12,190","-8,00%"
"25.02.2009","13,250","13,220","13,250","13,110","0,61%"
"20.02.2009","13,170","13,100","13,290","13,020","1,15%"
"19.02.2009","13,020","13,270","13,270","13,020","-1,81%"
"18.02.2009","13,260","13,290","13,370","13,220","0,00%"
"17.02.2009","13,260","13,170","13,320","13,110","7,89%"
"16.02.2009","12,290","13,270","13,270","12,240","-6,04%"
"13.02.2009","13,080","13,510","13,640","12,240","-3,18%"
"12.02.2009","13,510","13,470","13,750","13,430","0,37%"
"11.02.2009","13,460","13,540","13,540","13,250","-3,51%"
"10.02.2009","13,950","13,300","13,950","12,620","4,97%"
"09.02.2009","13,290","13,110","13,340","12,430","8,85%"
"06.02.2009","12,210","13,090","13,240","12,210","-6,51%"
"05.02.2009","13,060","12,930","13,260","12,100","0,62%"
"04.02.2009","12,980","12,760","13,005","12,710","2,12%"
"03.02.2009","12,710","12,840","13,000","12,650","-0,78%"
"02.02.2009","12,810","13,040","13,370","12,120","-1,23%"
"30.01.2009","12,970","13,310","13,460","12,120","3,68%"
"29.01.2009","12,510","13,200","13,490","12,510","-4,14%"
"28.01.2009","13,050","13,310","13,370","12,220","-1,88%"
"27.01.2009","13,300","13,780","14,090","12,730","-1,34%"
"26.01.2009","13,480","13,380","13,620","13,210","9,06%"
"23.01.2009","12,360","13,345","13,500","12,360","2,91%"
"22.01.2009","12,010","12,000","13,110","12,000","-5,28%"
"21.01.2009","12,680","12,970","13,090","12,670","0,00%"
"20.01.2009","12,680","12,820","12,995","11,820","0,00%"
"19.01.2009","12,680","13,240","13,240","12,680","-2,16%"
"16.01.2009","12,960","13,700","13,700","12,900","0,00%"
"15.01.2009","12,960","12,670","13,065","11,980","0,00%"
"14.01.2009","12,960","12,700","12,960","12,550","3,27%"
"13.01.2009","12,550","12,820","12,850","12,550","6,18%"
"12.01.2009","11,820","12,760","13,040","11,820","-6,86%"
"09.01.2009","12,690","13,020","13,020","12,670","-3,50%"
"08.01.2009","13,150","13,150","13,190","12,900","0,69%"
"07.01.2009","13,060","12,870","13,150","12,770","2,11%"
"06.01.2009","12,790","12,950","12,950","11,950","-1,24%"
"05.01.2009","12,950","12,370","13,600","12,370","-2,56%"
"02.01.2009","13,290","13,390","13,410","12,560","5,81%"
"30.12.2008","12,560","13,680","14,321","12,560","-7,37%"
"29.12.2008","13,560","13,810","13,891","12,890","-1,24%"
"26.12.2008","13,730","12,960","13,880","12,960","-0,29%"
"23.12.2008","13,770","14,040","14,130","13,200","-2,20%"
"22.12.2008","14,080","14,272","14,290","13,440","-0,71%"
"19.12.2008","14,180","14,240","14,720","14,180","-1,12%"
"18.12.2008","14,340","15,020","15,040","14,315","-3,63%"
"17.12.2008","14,880","15,395","15,450","14,030","-4,43%"
"16.12.2008","15,570","15,420","15,630","14,460","1,70%"
"15.12.2008","15,310","15,400","15,500","14,540","-0,58%"
"12.12.2008","15,400","15,470","15,670","14,540","0,00%"
"11.12.2008","15,400","15,440","15,580","14,560","5,48%"
"10.12.2008","14,600","15,320","15,430","14,600","-4,70%"
"09.12.2008","15,320","15,100","15,490","14,120","3,44%"
"08.12.2008","14,810","15,110","15,406","14,130","-1,27%"
"05.12.2008","15,000","15,500","15,602","14,130","-2,66%"
"04.12.2008","15,410","15,870","15,980","14,580","-0,19%"
"03.12.2008","15,440","15,920","15,930","15,290","-0,52%"
"02.12.2008","15,520","16,610","16,610","15,420","-4,32%"
"01.12.2008","16,220","17,330","17,390","16,100","-4,25%"
"28.11.2008","16,940","18,220","18,240","16,940","-1,45%"
"27.11.2008","17,190","18,230","18,280","17,120","5,33%"
"26.11.2008","16,320","18,330","18,440","16,320","-5,34%"
"25.11.2008","17,240","17,190","18,400","17,190","0,12%"
"24.11.2008","17,220","17,820","17,820","16,360","-0,17%"
"21.11.2008","17,250","16,360","17,250","16,360","5,83%"
"18.11.2008","16,300","16,640","16,640","16,300","-2,40%"
"17.11.2008","16,700","16,700","16,700","16,700","0,00%"
"14.11.2008","16,700","16,700","16,700","16,700","-0,60%"
"13.11.2008","16,800","16,700","16,800","16,700","-0,59%"
"12.11.2008","16,900","16,900","16,900","16,900","0,00%"
"11.11.2008","16,900","16,900","16,900","16,900","-0,18%"
"10.11.2008","16,930","16,930","16,930","16,930","-2,76%"
"06.11.2008","17,410","17,410","17,410","17,410","0,52%"
"05.11.2008","17,320","17,100","17,320","17,100","-0,06%"
"04.11.2008","17,330","17,330","17,330","17,330","0,00%"
"03.11.2008","17,330","17,330","17,330","17,330","0,00%"
"31.10.2008","17,330","17,330","17,330","17,330","6,25%"
"29.10.2008","16,310","16,310","16,310","16,310","-5,94%"
"28.10.2008","17,340","18,000","18,000","17,340","-3,18%"
"24.10.2008","17,910","17,910","17,910","17,910","5,17%"
"23.10.2008","17,030","17,030","17,030","17,030","-2,24%"
"22.10.2008","17,420","17,420","17,420","17,420","9,63%"
"21.10.2008","15,890","15,660","15,890","15,660","1,47%"
"20.10.2008","15,660","15,590","15,660","15,590","2,62%"
"17.10.2008","15,260","15,260","15,260","15,260","0,13%"
"16.10.2008","15,240","15,240","15,240","15,240","1,33%"
"14.10.2008","15,040","13,740","15,750","13,430","0,07%"
"13.10.2008","15,030","13,740","15,750","13,430","-0,40%"
"10.10.2008","15,090","13,740","15,220","13,430","-0,85%"
"09.10.2008","15,220","13,740","15,220","13,430","1,33%"
"07.10.2008","15,020","13,740","15,020","13,430","3,73%"
"06.10.2008","14,480","13,740","14,480","13,430","4,25%"
"03.10.2008","13,890","13,740","14,070","13,430","3,43%"
"02.10.2008","13,430","13,740","14,070","13,430","-1,68%"
"01.10.2008","13,660","13,740","14,070","13,660","-2,91%"
"29.09.2008","14,070","13,740","14,070","13,740","0,36%"
"26.09.2008","14,020","14,020","14,020","14,020","0,00%"
"25.09.2008","14,020","14,020","14,020","14,020","-2,37%"
"24.09.2008","14,360","14,360","14,360","14,360","1,92%"
"22.09.2008","14,090","14,090","14,090","14,090","0,09%"
"12.09.2008","14,078","14,078","14,078","14,078","-0,13%"
"11.09.2008","14,097","14,097","14,097","14,097","0,81%"
"10.09.2008","13,984","13,984","13,984","13,984","-0,39%"
"08.09.2008","14,039","14,039","14,039","14,039","-0,94%"
"04.09.2008","14,172","14,172","14,172","14,172","2,30%"
"03.09.2008","13,853","13,853","13,853","13,853","1,98%"
"29.08.2008","13,584","13,584","13,584","13,584","-1,01%"
"26.08.2008","13,723","13,723","13,723","13,723","-0,51%"
"25.08.2008","13,794","13,794","13,794","13,794","0,15%"
"22.08.2008","13,774","13,774","13,774","13,774","0,20%"
"21.08.2008","13,746","13,746","13,746","13,746","-0,07%"
"20.08.2008","13,756","13,756","13,756","13,756","0,19%"
"19.08.2008","13,730","13,730","13,730","13,730","-0,72%"
"18.08.2008","13,829","13,829","13,829","13,829","-0,17%"
"15.08.2008","13,852","13,911","13,911","13,852","-0,42%"
"14.08.2008","13,911","13,911","13,911","13,911","-0,24%"
"13.08.2008","13,945","13,945","13,945","13,945","1,37%"
"08.08.2008","13,756","13,756","13,756","13,756","0,78%"
"07.08.2008","13,649","13,649","13,649","13,649","1,13%"
"06.08.2008","13,496","13,496","13,496","13,496","0,54%"
"05.08.2008","13,424","13,424","13,424","13,424","-1,13%"
"04.08.2008","13,577","13,577","13,577","13,577","0,38%"
"01.08.2008","13,525","13,525","13,525","13,525","-1,56%"
"31.07.2008","13,739","13,739","13,739","13,739","0,17%"
"30.07.2008","13,715","13,715","13,715","13,715","-1,37%"
"29.07.2008","13,906","13,906","13,906","13,906","1,36%"
"25.07.2008","13,719","13,719","13,719","13,719","0,12%"
"24.07.2008","13,703","13,703","13,703","13,703","-2,19%"
"23.07.2008","14,010","14,010","14,010","14,010","-1,14%"
"22.07.2008","14,171","14,171","14,171","14,171","-1,01%"
"21.07.2008","14,316","14,316","14,316","14,316","0,89%"
"18.07.2008","14,190","14,455","14,455","14,190","-1,55%"
"17.07.2008","14,413","14,413","14,413","14,413","-0,60%"
"16.07.2008","14,500","14,500","14,500","14,500","0,31%"
"15.07.2008","14,455","14,455","14,455","14,455","-1,90%"
"11.07.2008","14,735","14,735","14,735","14,735","-0,86%"
"10.07.2008","14,863","14,863","14,863","14,863","-1,96%"
"04.07.2008","15,160","15,160","15,160","15,160","0,50%"
"03.07.2008","15,085","15,085","15,085","15,085","0,33%"
"02.07.2008","15,035","15,035","15,035","15,035","1,06%"
"30.06.2008","14,878","14,722","14,878","14,722","3,11%"
"25.06.2008","14,429","14,429","14,429","14,429","-0,09%"
"23.06.2008","14,442","14,442","14,442","14,442","0,52%"
"19.06.2008","14,368","14,368","14,368","14,368","-0,13%"
"18.06.2008","14,386","14,386","14,386","14,386","-1,21%"
"17.06.2008","14,562","14,562","14,562","14,562","-0,83%"
"16.06.2008","14,684","14,684","14,684","14,684","0,72%"
"13.06.2008","14,579","14,579","14,579","14,579","0,96%"
"12.06.2008","14,441","14,441","14,441","14,441","0,17%"
"11.06.2008","14,417","14,417","14,417","14,417","-0,03%"
"09.06.2008","14,422","14,422","14,422","14,422","4,67%"
"05.06.2008","13,778","13,778","13,778","13,778","1,50%"
"04.06.2008","13,575","13,575","13,575","13,575","0,31%"
"03.06.2008","13,533","13,533","13,533","13,533","-0,95%"
"02.06.2008","13,663","13,663","13,663","13,663","1,50%"
"30.05.2008","13,461","13,461","13,461","13,461","0,10%"
"29.05.2008","13,448","13,448","13,448","13,448","-1,88%"
"27.05.2008","13,706","13,706","13,706","13,706","0,71%"
"26.05.2008","13,609","13,609","13,609","13,609","0,10%"
"23.05.2008","13,596","13,596","13,596","13,596","0,19%"
"21.05.2008","13,570","13,570","13,570","13,570","0,94%"
"20.05.2008","13,443","13,443","13,443","13,443","0,43%"
"16.05.2008","13,386","13,386","13,386","13,386","-2,19%"
"14.05.2008","13,686","13,686","13,686","13,686","1,25%"
"13.05.2008","13,517","13,517","13,517","13,517","-0,89%"
"08.05.2008","13,638","13,638","13,638","13,638","0,26%"
"07.05.2008","13,603","13,603","13,603","13,603","4,09%"
"02.05.2008","13,068","13,068","13,068","13,068","-3,84%"
"30.04.2008","13,590","13,590","13,590","13,590","-2,66%"
"29.04.2008","13,961","13,961","13,961","13,961","0,00%"
"28.04.2008","13,961","13,961","13,961","13,961","1,08%"
"25.04.2008","13,812","13,812","13,812","13,812","-0,65%"
"24.04.2008","13,903","13,903","13,903","13,903","0,41%"
"23.04.2008","13,846","13,846","13,846","13,846","-1,06%"
"22.04.2008","13,994","13,994","13,994","13,994","2,45%"
"18.04.2008","13,659","13,659","13,659","13,659","0,69%"
"16.04.2008","13,565","13,565","13,565","13,565","0,52%"
"15.04.2008","13,495","13,495","13,495","13,495","0,46%"
"14.04.2008","13,433","13,433","13,433","13,433","0,10%"
"11.04.2008","13,420","13,420","13,420","13,420","0,07%"
"10.04.2008","13,410","13,410","13,422","13,410","-0,09%"
"09.04.2008","13,422","13,422","13,422","13,422","0,63%"
"08.04.2008","13,338","13,338","13,340","13,338","-0,01%"
"07.04.2008","13,340","13,340","13,340","13,340","0,64%"
"03.04.2008","13,255","13,255","13,321","13,255","-0,50%"
"02.04.2008","13,321","13,321","13,321","13,321","0,20%"
"01.04.2008","13,294","13,294","13,355","13,294","-0,11%"
"28.03.2008","13,308","13,308","13,470","13,308","-1,20%"
"27.03.2008","13,470","13,470","13,538","13,470","0,07%"
"25.03.2008","13,460","13,460","13,460","13,460","1,60%"
"20.03.2008","13,248","13,248","13,248","13,248","1,69%"
"18.03.2008","13,028","13,028","13,210","13,028","-1,38%"
"17.03.2008","13,210","13,210","13,210","13,210","0,70%"
"14.03.2008","13,118","13,118","13,118","13,118","1,35%"
"13.03.2008","12,943","12,943","12,943","12,943","1,22%"
"12.03.2008","12,787","12,787","12,787","12,787","0,42%"
"11.03.2008","12,733","12,733","12,940","12,733","-1,60%"
"10.03.2008","12,940","12,940","12,940","12,940","0,88%"
"07.03.2008","12,827","12,827","12,827","12,827","1,55%"
"06.03.2008","12,631","12,631","12,631","12,631","2,13%"
"05.03.2008","12,367","12,367","12,450","12,367","-0,67%"
"04.03.2008","12,450","12,450","12,451","12,450","-0,01%"
"03.03.2008","12,451","12,451","12,545","12,451","-0,75%"
"29.02.2008","12,545","12,545","12,545","12,545","0,87%"
"28.02.2008","12,437","12,437","12,437","12,437","0,30%"
"27.02.2008","12,400","12,400","12,443","12,400","-0,35%"
"26.02.2008","12,443","12,443","12,483","12,443","-0,32%"
"25.02.2008","12,483","12,483","12,483","12,483","0,17%"
"22.02.2008","12,462","12,462","12,490","12,462","-0,22%"
"21.02.2008","12,490","12,490","12,562","12,490","-0,57%"
"20.02.2008","12,562","12,562","12,628","12,562","-0,52%"
"19.02.2008","12,628","12,628","12,628","12,628","0,29%"
"18.02.2008","12,591","12,591","12,758","12,591","-3,20%"
"17.01.2008","13,007","13,007","13,007","13,007","0,46%"
"15.01.2008","12,948","12,948","12,973","12,948","-0,19%"
"14.01.2008","12,973","12,973","13,009","12,973","-0,28%"
"11.01.2008","13,009","13,009","13,046","13,009","-0,28%"
"10.01.2008","13,046","12,979","13,046","12,979","0,52%"
"09.01.2008","12,979","12,979","12,995","12,979","-0,12%"
"08.01.2008","12,995","12,995","13,052","12,995","-0,44%"
"07.01.2008","13,052","13,092","13,092","13,052","-0,31%"
"04.01.2008","13,092","13,066","13,092","13,066","0,20%"
"03.01.2008","13,066","13,152","13,229","13,066","-1,23%"
"02.01.2008","13,229","13,229","13,229","13,229","0,00%"
"28.12.2007","13,229","13,240","13,240","13,229","0,32%"
"26.12.2007","13,187","13,187","13,187","13,187","1,01%"
"21.12.2007","13,055","13,086","13,086","13,055","-0,24%"
"20.12.2007","13,086","12,999","13,090","12,999","-0,03%"
"19.12.2007","13,090","13,090","13,208","13,090","-0,89%"
"17.12.2007","13,208","13,271","13,384","13,208","-1,32%"
"14.12.2007","13,384","13,384","13,384","13,384","2,49%"
"13.12.2007","13,059","13,059","13,059","13,059","0,54%"
"12.12.2007","12,989","12,989","12,989","12,989","0,00%"
"11.12.2007","12,989","12,989","13,101","12,989","-0,85%"
"10.12.2007","13,101","13,020","13,101","13,020","0,62%"
"07.12.2007","13,020","13,104","13,104","13,020","-0,64%"
"06.12.2007","13,104","13,116","13,116","13,104","-0,09%"
"05.12.2007","13,116","12,950","13,116","12,950","1,28%"
"04.12.2007","12,950","12,875","12,950","12,875","0,58%"
"03.12.2007","12,875","12,780","12,875","12,780","0,74%"
"30.11.2007","12,780","12,888","12,888","12,780","0,69%"
"29.11.2007","12,692","12,692","12,692","12,692","0,05%"
"28.11.2007","12,686","12,686","12,686","12,686","0,00%"
"27.11.2007","12,686","12,686","12,686","12,686","1,28%"
"26.11.2007","12,526","12,471","12,526","12,471","0,45%"
"23.11.2007","12,470","12,470","12,470","12,470","-0,38%"
"21.11.2007","12,517","12,517","12,517","12,517","0,00%"
"19.11.2007","12,517","12,469","12,517","12,469","0,38%"
"16.11.2007","12,469","12,483","12,483","12,469","-0,11%"
"14.11.2007","12,483","12,689","12,689","12,483","-1,62%"
"13.11.2007","12,689","12,689","12,689","12,689","2,42%"
"09.11.2007","12,389","12,564","12,564","12,389","0,62%"
"07.11.2007","12,313","12,313","12,313","12,313","2,02%"
"06.11.2007","12,069","12,153","12,153","12,069","0,57%"
"05.11.2007","12,001","12,001","12,001","12,001","0,00%"
"02.11.2007","12,001","12,001","12,001","12,001","0,00%"
"01.11.2007","12,001","11,924","12,001","11,924","0,65%"
"31.10.2007","11,924","11,909","11,924","11,909","0,42%"
"30.10.2007","11,874","11,874","11,899","11,874","-0,21%"
"29.10.2007","11,899","11,899","11,899","11,899","0,00%"
"26.10.2007","11,899","12,065","12,065","11,899","-1,04%"
"25.10.2007","12,024","12,024","12,024","12,024","0,00%"
"24.10.2007","12,024","12,024","12,024","12,024","1,36%"
"23.10.2007","11,863","11,863","12,060","11,863","-1,63%"
"22.10.2007","12,060","11,793","12,060","11,793","4,11%"
"19.10.2007","11,584","11,584","11,584","11,584","0,00%"
"18.10.2007","11,584","11,522","11,584","11,522","0,54%"
"17.10.2007","11,522","11,471","11,522","11,471","0,44%"
"16.10.2007","11,471","11,471","11,471","11,471","0,31%"
"15.10.2007","11,436","11,452","11,452","11,436","-11,07%"
"16.08.2007","12,860","12,860","12,860","12,860","12,22%"
"06.08.2007","11,460","11,460","11,480","11,460","2,71%"
"27.07.2007","11,158","11,158","11,339","11,158","9,84%"
"30.05.2007","10,158","10,158","10,158","10,158","0,07%"
"29.05.2007","10,151","10,151","10,151","10,151","1,15%"
"28.05.2007","10,036","10,036","10,049","10,036","-0,13%"
"25.05.2007","10,049","10,049","10,170","10,049","-1,19%"
"24.05.2007","10,170","10,170","10,170","10,170","3,84%"
"22.05.2007","9,794","9,794","9,968","9,794","-0,75%"
"21.05.2007","9,868","9,868","9,968","9,868","-1,00%"
"18.05.2007","9,968","9,968","10,119","9,968","0,41%"
"17.05.2007","9,927","9,927","10,119","9,927","-1,90%"
"16.05.2007","10,119","10,119","10,317","10,119","-2,99%"